author_name	author_birth	author_death	Count
Luther, Martti	NA	NA	34
Kurvinen, Pietari	NA	NA	16
Doyle, Arthur Conan	NA	NA	13
Palmén, E G	NA	NA	13
Tolstoi, Leo	NA	NA	12
Paul, Adolf	NA	NA	11
Linnankoski, Johannes	NA	NA	11
Wegelius, Martin	NA	NA	11
Nordenskiöld, Adolf Erik	NA	NA	10
Wilskman, Ivar	NA	NA	10
J	NA	NA	10
Grotenfelt, Kustavi	NA	NA	10
Päivärinta, Pietari	NA	NA	 9
Ramsay, August	NA	NA	 9
Vasenius, Valfrid	NA	NA	 9
Päivänsalo, B H	NA	NA	 8
Rein, Thiodolf	NA	NA	 8
A	1700	NA	 8
Hydén, Arvid	NA	NA	 8
Larin-kyösti	NA	NA	 8
Munster, Johannes Bernhardi	1714	NA	 8
Wichmann, Yrjö	NA	NA	 7
Borodkin, M	NA	NA	 7
Ignatius, K E F	NA	NA	 7
Haapanen, Urho Viljo	NA	NA	 7
Sunila, J E	NA	NA	 7
Sundwall, F W	NA	NA	 7
Westermarck, Helena	NA	NA	 7
Fant, Ericus Michael	NA	NA	 7
Koskenniemi, V A	NA	NA	 7
Maria	NA	NA	 7
Länkelä, Jaakko	NA	NA	 7
Godenhjelm, B F	NA	NA	 6
Hoffmann, Alexander Friedrich Franz	NA	NA	 6
Meurman, Agathon	NA	NA	 6
Skovgaard-petersen, C	NA	NA	 6
Gebhard, Hannes	NA	NA	 6
Bergroth, Gustaf Elis	NA	NA	 6
öhquist, Johannes	NA	NA	 6
Wahlberg, Ferdinand Von	NA	NA	 6
Reuter, Jonatan	NA	NA	 6
Ingersoll, Robert	NA	NA	 6
Ryle, J C	NA	NA	 6
Levander, K M	NA	NA	 6
Saxén, Ralf	NA	NA	 6
Niemi, Herman	NA	NA	 6
Schmid, Johann Christoph Von	NA	NA	 6
åberg, Johan Olof	NA	NA	 6
G	NA	NA	 6
Yrjö-koskinen, Y K	NA	NA	 6
Mechelin, L	NA	NA	 6
Palmberg, A	NA	NA	 6
Bunyan, John	NA	NA	 6
Ojala, Nestor	NA	NA	 5
Lindelöf, Ernst	NA	NA	 5
Gummerus, Jaakko	NA	NA	 5
Erkko, J H	NA	NA	 5
Snellman, G R	NA	NA	 5
Linnaniemi, Walter M	NA	NA	 5
Nervander, Emil	NA	NA	 5
Elfving, östen	NA	NA	 5
Lindelöf, L	NA	NA	 5
Cederberg, A R	NA	NA	 5
Tallqvist, Hj	NA	NA	 5
Jahnsson, Yrjö	NA	NA	 5
Ollinen, J F	NA	NA	 5
Hjelt, August	NA	NA	 5
Warelius, Antero	NA	NA	 5
Liro, J I	NA	NA	 5
Schybergson, M G	NA	NA	 5
Westermarck, Edvard	NA	NA	 5
Lehtimäki, Konrad	NA	NA	 5
Walakorpi, U W	NA	NA	 5
Sienkiewicz, Henryk	NA	NA	 5
Dumas, Alexandre	NA	NA	 5
Waltari, Toimi	NA	NA	 5
Strömborg, J E	NA	NA	 5
Lavonius, W A	NA	NA	 5
Neovius, Adolf	NA	NA	 5
Pipping, W	NA	NA	 5
Wainio, Edvard August	NA	NA	 5
Iii, Kustaa	NA	NA	 5
Wendt, Georg Von	NA	NA	 5
Rindell, Arthur	NA	NA	 5
Björnson, Björnstjerne	NA	NA	 5
Leinberg, K G	NA	NA	 5
Beck, J T	NA	NA	 4
Gossner, Johannes	NA	NA	 4
Pajula, J S	NA	NA	 4
Gray, Alice	NA	NA	 4
Tigerstedt, Robert	NA	NA	 4
Nylander, John William	NA	NA	 4
Aspelin, J R	NA	NA	 4
Andrejev, Leonid	NA	NA	 4
Bolin, Wilhelm	NA	NA	 4
Törner, Fabianus	NA	NA	 4
Rosberg, Johan Evert	NA	NA	 4
Cicero, Marcus Tullius	NA	NA	 4
Hällstén, K	NA	NA	 4
Stenbäck, Josef	NA	NA	 4
Tanttu, Kasperi	NA	NA	 4
Genetz, Arvid Th	NA	NA	 4
Kiljander, Ludvig Gabriel	NA	NA	 4
Alho, August	NA	NA	 4
Frosterus, Benj	NA	NA	 4
Ramstedt, G J	NA	NA	 4
Thomasson, Pehr	NA	NA	 4
Tikkanen, J J	NA	NA	 4
London, Jack	NA	NA	 4
De Lacy, Peter	NA	NA	 4
Aro, J E	NA	NA	 4
Paasonen, Heikki	NA	NA	 4
Hirvisalo, K F	NA	NA	 4
Key, Ellen	NA	NA	 4
Tanner, K O	NA	NA	 4
Vest, Eliel	NA	NA	 4
Schultén, M W Af	NA	NA	 4
Thunberg, Carolus Petrus	NA	NA	 4
Hjelt, Vera	NA	NA	 4
Hallstén, Onni	NA	NA	 4
Noponen, Alpo	NA	NA	 4
Sick, Ingeborg Maria	NA	NA	 4
Aarne, Antti	NA	NA	 4
Torrey, R A	NA	NA	 4
Rosenius, C O	NA	NA	 4
Kipling, Rudyard	NA	NA	 4
Sauli, J O	NA	NA	 4
Tanner, A F	NA	NA	 4
Forssell, Adolf	NA	NA	 4
Lie, Jonas	NA	NA	 4
Söderhjelm, Alma	NA	NA	 4
Salenius, J M	NA	NA	 4
Pauli, J	NA	NA	 4
Biaudet, Henry	NA	NA	 4
Juvelius, J W	NA	NA	 4
Werkko, Kaarle	NA	NA	 4
Cannelin, Knut	NA	NA	 4
Forstén, T K	NA	NA	 4
Lilius, Axel	NA	NA	 4
Lagerborg, Rolf	NA	NA	 4
Talvio, Maila	NA	NA	 4
Gylling, Edvard	NA	NA	 4
Käkikoski, Hilda	NA	NA	 4
Högman, K J	NA	NA	 4
Ehrnrooth, Leo	NA	NA	 4
Wrede, R A	NA	NA	 4
Lönnbeck, Gustaf F	NA	NA	 4
Ohls, P E	NA	NA	 3
Spurgeon, C H	NA	NA	 3
Heyse, Paul	NA	NA	 3
Pallin, J R	NA	NA	 3
Uotinen, Mikko	NA	NA	 3
Pipping, Hugo	NA	NA	 3
Lindgren, Bernh	NA	NA	 3
Grönroos, Hjalmar	NA	NA	 3
Schalin, Zachris	NA	NA	 3
Thillot, Alfr	NA	NA	 3
Angervo, Willie	NA	NA	 3
Relander, Lauri Kristian	NA	NA	 3
Soldan-brofeldt, Venny	NA	NA	 3
Hirn, Yrjö	NA	NA	 3
Leinberg, Georg	NA	NA	 3
Jussila, Juho	NA	NA	 3
Zola, Émile	NA	NA	 3
Hellens, O Von	NA	NA	 3
Goethe, Johann Wolfgang Von	NA	NA	 3
Kautsky, Karl	NA	NA	 3
Puškin, Aleksandr	NA	NA	 3
Rotilainen, Hijoppi	NA	NA	 3
Palomaa, M H	NA	NA	 3
Ladenburg, Max	NA	NA	 3
Westerback, Johan	NA	NA	 3
Nissinen, Alli	NA	NA	 3
Karsten, Petter Adolf	NA	NA	 3
Procope, Hjalmar	NA	NA	 3
Kovero, Ilmari	NA	NA	 3
Funcke, Otto	NA	NA	 3
Blink, Carl	NA	NA	 3
Sigurd	NA	NA	 3
Vuoritsalo, Nuutti	NA	NA	 3
Forsman, Juho Rudolf	NA	NA	 3
Sirola, Yrjö	NA	NA	 3
Schvindt, Theodor	NA	NA	 3
Sivers, Henric Jacob	NA	NA	 3
Andersson, Otto	NA	NA	 3
Selander, Wäinö	NA	NA	 3
Tarkiainen, Viljo	NA	NA	 3
Krummacher, Friedrich Wilhelm	NA	NA	 3
Jókai, Mór	NA	NA	 3
Geijerstam, Gustaf Af	NA	NA	 3
Lang, J L	NA	NA	 3
Leino, Kasimir	NA	NA	 3
Reuter, Enzio	NA	NA	 3
Verne, Jules	NA	NA	 3
Wagner, Charles	NA	NA	 3
Harmaja, Leo	NA	NA	 3
Aschan, Ossian	NA	NA	 3
Valvanne, Väinö	NA	NA	 3
Lithenius, Sofie	NA	NA	 3
Wilkuna, Kyösti	NA	NA	 3
Leiviskä, Iivari	NA	NA	 3
Slotte, K F	NA	NA	 3
Aspelin, Eliel	NA	NA	 3
Hytönen, Viljo	NA	NA	 3
Svensson, Joh	NA	NA	 3
Serao, Matilde	NA	NA	 3
Bebel, August	NA	NA	 3
Schiller, Friedrich Von	NA	NA	 3
Wiik, Fredrik Johan	NA	NA	 3
Mäkelin, Yrjö Esaias	NA	NA	 3
Ekerman, Petrus	1783	NA	 3
Sandelin, L H	NA	NA	 3
Nylander, Lennart	NA	NA	 3
Cajander, A K	NA	NA	 3
Granfelt, O Hj	NA	NA	 3
Heinricius, G	NA	NA	 3
Blomqvist, Edv	NA	NA	 3
Boije, Rolf	NA	NA	 3
Helsingius, Torsten	NA	NA	 3
Nissinen, T	NA	NA	 3
Renvall, Thorsten	NA	NA	 3
Hirvonen, Johan Wilhelm	NA	NA	 3
Salonen, B F	NA	NA	 3
Helander, Antti Daniel	NA	NA	 3
Nycopensis, Nicolaus Laurentii	1664	NA	 3
Boldt, Robert	NA	NA	 3
Starbäck, C Georg	NA	NA	 3
Wiklund, K B	NA	NA	 3
Pärnänen, Aapo	NA	NA	 3
Besant, Annie	NA	NA	 3
Rudin, Erik Georg Waldemar Napoleon	NA	NA	 3
Heilala, Yrjö	NA	NA	 3
Roos, Mathilda	NA	NA	 3
Fries, Ellen	NA	NA	 3
Sirelius, U T	NA	NA	 3
Strindberg, August	NA	NA	 3
Fresenius, Johan Philipp	NA	NA	 3
Palander, Edvard Wilhelm	NA	NA	 3
Nordberg, Wivi	NA	NA	 3
Danielson, Joh Rich	NA	NA	 3
Ervast, Karl	NA	NA	 3
Tersteegen, Gerhard	NA	NA	 3
M	NA	NA	 3
Järvi, T H	NA	NA	 3
Russell, C T	NA	NA	 3
Frenssen, Gustav	NA	NA	 3
Löfman, O W	NA	NA	 3
Hannula, J R	NA	NA	 3
Willgren, Karl	NA	NA	 3
Lönneström, K	NA	NA	 3
Runeberg, J L	NA	NA	 3
C	NA	NA	 3
Swan, Anni	NA	NA	 3
O	NA	NA	 3
Lindeqvist, K O	NA	NA	 3
Hermanson, Robert	NA	NA	 3
Sirén, Osvald	NA	NA	 3
Ingemann, B S	NA	NA	 3
Erslev, Edouard	NA	NA	 3
Sheldon, Charles M	NA	NA	 3
Klingspor, Mauritz	NA	NA	 3
Calamnius, Gabriel Petri	NA	NA	 3
Järveläinen, T	NA	NA	 3
Ramsay, Anders	NA	NA	 3
Skutnabb, Akseli	NA	NA	 3
Wagner-groben, C	NA	NA	 3
Rosenqvist, V T	NA	NA	 3
Hersleb, Peder	NA	NA	 3
Dickens, Charles	NA	NA	 3
Unonius, K J W	NA	NA	 3
Wichmann, V K E	NA	NA	 3
Forstén, Gustaf	NA	NA	 3
Hurtig, Karl	NA	NA	 3
Homén, Theodor	NA	NA	 3
Pritius, Johann Georg	NA	NA	 3
Sankey, Ira D	NA	NA	 3
Chydenius, Jakob Wilhelm	NA	NA	 3
Uschakoff, I	NA	NA	 3
Daudet, Alphonse	NA	NA	 2
Gudseus, Fabian Jacobi	1707	NA	 2
Raala, R	NA	NA	 2
Ruta, Žalia	NA	NA	 2
Koponen, Wilhelm	NA	NA	 2
Lax, Hj	NA	NA	 2
Nemo	NA	NA	 2
Wesley, John	NA	NA	 2
Nyberg, Berndt Mikael	NA	NA	 2
Kuhne, Louis	NA	NA	 2
Wildenbruch, Ernst Von	NA	NA	 2
Gogol, Nikolai	NA	NA	 2
Cajander, K A	NA	NA	 2
Nylander, Hannes	NA	NA	 2
Häggman, Ossian	NA	NA	 2
Lybeck, Edvard Wilhelm	1840	NA	 2
Saarelainen, K	NA	NA	 2
Rutgers, J	NA	NA	 2
Lindén, K E	NA	NA	 2
Potapenko, Ignati Nikolajevitš	NA	NA	 2
Suchtelen, Jan Peter Van	NA	NA	 2
Tengström, Johan Georg	NA	NA	 2
Korhonen, Alarik	NA	NA	 2
Kiljander, Robert	NA	NA	 2
Juvelius, Einar W	NA	NA	 2
Haataja, Kyösti	NA	NA	 2
Alenius, C A	NA	NA	 2
Poirot, Jean	NA	NA	 2
Kalervo, Kalle	NA	NA	 2
Höijer, Allan	NA	NA	 2
Mellin, Georg	NA	NA	 2
Tavastähti, Elli	NA	NA	 2
Bergqvist, Eric	NA	NA	 2
Hagfors, K J	NA	NA	 2
Lehtonen, K V	NA	NA	 2
Blicher-clausen, J	NA	NA	 2
Tennberg, Constantin	NA	NA	 2
Viitanen, Frans	NA	NA	 2
Aanrud, Hans	NA	NA	 2
Mainov, Wladimir	NA	NA	 2
Tegn'er, Elof	NA	NA	 2
Lunde, Albert G	NA	NA	 2
Hahl, Jalmari	NA	NA	 2
Ottelin, A K	NA	NA	 2
Vergilius Maro, Publius	NA	NA	 2
Snellman, Paavo	NA	NA	 2
Stenberg, E A	NA	NA	 2
Hoffrenius, Petrus Henrici	1699	NA	 2
Hacks, Alexander	1740	NA	 2
Lehtonen, Joel	NA	NA	 2
Moody, D L	NA	NA	 2
öholm, Lars W	NA	NA	 2
Laine, V J	NA	NA	 2
Bán, Aladár	NA	NA	 2
Smith, Gipsy	NA	NA	 2
France, Anatole	NA	NA	 2
Runa	NA	NA	 2
Sepia	NA	NA	 2
Mérimée, Prosper	NA	NA	 2
Hult, Fanny	NA	NA	 2
Johnsson, August Mikael	NA	NA	 2
Sealsfield, Ch	NA	NA	 2
Johansson, Osc V	NA	NA	 2
Eklund, Hjalmar	NA	NA	 2
Musikka, Väinö	NA	NA	 2
Tuomas	NA	NA	 2
Erikson, Maria	NA	NA	 2
Möller, Johan	NA	NA	 2
Helsingius, Gustaf Adolf	NA	NA	 2
Levänen, S	NA	NA	 2
Laurén, Walter	NA	NA	 2
Wichmann, Ossian	NA	NA	 2
Bertini, François	NA	NA	 2
Vlugt, W Van Der	NA	NA	 2
White, Ellen G	NA	NA	 2
Waineman, Paul	NA	NA	 2
Zilliacus, Emil	NA	NA	 2
Salamnius, Mattias	1691	NA	 2
Flaubert, Gustave	NA	NA	 2
Onerva, L	NA	NA	 2
Hansson, Nils	NA	NA	 2
Ljungh, Ernst	NA	NA	 2
Luomanen, Aadolf	NA	NA	 2
Rosenqvist, Georg Olof	NA	NA	 2
Andersson, Anders	NA	NA	 2
Jotuni, Alfred	NA	NA	 2
Kankaanpää, Väinö	NA	NA	 2
N	NA	NA	 2
Sundwall, Johannes	NA	NA	 2
Fabritius, L J	NA	NA	 2
Grotenfelt, Ossian	NA	NA	 2
Wennerström, Ludvig Alexander	NA	NA	 2
Raivio, Abram A	NA	NA	 2
Streng, W O	NA	NA	 2
Kotzebue, August Von	NA	NA	 2
Carpzovius, Johannes Benedictus	NA	NA	 2
Nevanlinna, E	NA	NA	 2
Uskela, Kaarlo	NA	NA	 2
Hemmo, Kaarlo	NA	NA	 2
Schvindt, Fr M	NA	NA	 2
Carlstedt, A V	NA	NA	 2
Lagus, Lars Reinhold	NA	NA	 2
Fagerlund, L W	NA	NA	 2
Reijonen, Juho	NA	NA	 2
Strömberg, Tyra	NA	NA	 2
Vollmar, Agnes	NA	NA	 2
Halme, Kaarle	NA	NA	 2
Ailio, Julius	NA	NA	 2
Alarcon, Pedro Antonio De	NA	NA	 2
Hjelmman, J V	NA	NA	 2
Mannerskantz, Nils	NA	NA	 2
Augustinus	NA	NA	 2
Russell, Charles Edward	NA	NA	 2
Enqvist, G	NA	NA	 2
Swan, Carl Gustaf	NA	NA	 2
Cederström, G C U	NA	NA	 2
Eneroth, Olof	NA	NA	 2
Niinivaara, Huugo	NA	NA	 2
Mikkola, J J	NA	NA	 2
Lagus, Hugo	NA	NA	 2
Bodkin, Mc Donnel	NA	NA	 2
Talvi Oja, Kuuno A	NA	NA	 2
Alcenius, Carolus Alexander	NA	NA	 2
Nordqvist, Osc	NA	NA	 2
Wilson, William Rae	NA	NA	 2
Pitkäniemi, F M	NA	NA	 2
Högman, Volter	NA	NA	 2
Piirinen, E	NA	NA	 2
Wallgren, Axel	NA	NA	 2
Selin, Helmi	NA	NA	 2
Reuter, J N	NA	NA	 2
Willjamson, William	NA	NA	 2
Wells, H G	NA	NA	 2
Runeberg, J W	NA	NA	 2
Arppe, N J	NA	NA	 2
Ahlgren, J E	NA	NA	 2
Becker, A E	NA	NA	 2
Wuolijoki, Sulo	NA	NA	 2
E	1700	NA	 2
Wilhelmsson, John	NA	NA	 2
Friis, Jens Andreas	NA	NA	 2
Brotherus, V F	NA	NA	 2
Berg, Alfr	NA	NA	 2
Sinclair, Upton	NA	NA	 2
Trygg-helenius, Alli	NA	NA	 2
Törnudd, Sigurd	NA	NA	 2
Peeters, Edward	NA	NA	 2
Långfors, Arthur	NA	NA	 2
Hemmer, Jarl	NA	NA	 2
Bonsdorff, W	NA	NA	 2
Goldkuhl, August Edvard	NA	NA	 2
Kijanen, Pekka	NA	NA	 2
Ahlskog, Victor	NA	NA	 2
Siltala, A J	NA	NA	 2
Beecher-stowe, Harriet	NA	NA	 2
Hultin, Arvid	NA	NA	 2
T-r, Nestor	NA	NA	 2
Kahilus, J	NA	NA	 2
Donner, Olly	NA	NA	 2
Heikel, S M	NA	NA	 2
Lobstein, Jean Frédéric	NA	NA	 2
Relander, Konrad	NA	NA	 2
Hjelt, Arthur	NA	NA	 2
Halme, August	NA	NA	 2
Calamnius, Ilmari	NA	NA	 2
Meyer, F B	NA	NA	 2
Juusela, Väinö	NA	NA	 2
Stålhandske, Gustaf	NA	NA	 2
Klingstedt, Timoteus Von	NA	NA	 2
Poukka, K A	NA	NA	 2
Danielson-kalmari, J R	NA	NA	 2
Schulman, Hugo	NA	NA	 2
Bengelsdorff, G	NA	NA	 2
Aarnisalo, Otto	NA	NA	 2
Alkio	NA	NA	 2
Hausen, Reinhold	NA	NA	 2
Rosendal, Mauno	NA	NA	 2
Vuolle-apiala, Jalmari	NA	NA	 2
Nyström, Anton	NA	NA	 2
Macduff, J R	NA	NA	 2
Achté, L N	NA	NA	 2
Reuter, Samuel Laurentii	1679	NA	 2
Thesleff, Arthur	NA	NA	 2
Rauta, Hanna	NA	NA	 2
Wiik, K H	NA	NA	 2
Hahl, Carl	NA	NA	 2
Hallström, Per	NA	NA	 2
Munch, P	NA	NA	 2
Celsius, Olavus	NA	NA	 2
Mörne, Arvid	NA	NA	 2
Bulwer-lytton, Edward	NA	NA	 2
Nurho, Juho	NA	NA	 2
Korhonen, Heikki	NA	NA	 2
Liipola, Heikki	NA	NA	 2
Nagajev, A I	NA	NA	 2
Ekman, E J	NA	NA	 2
Chesterton, G K	NA	NA	 2
Sandman, Gustaf Zachris	NA	NA	 2
Sjöstedt, Ludvig	NA	NA	 2
Gripenberg, R	NA	NA	 2
Andersen, H C	NA	NA	 2
Norrmark, Adam	NA	NA	 2
Krogerus, V J G	NA	NA	 2
Cnattingius, Anders Jacob	NA	NA	 2
Havulinna, J W	NA	NA	 2
Fedotov, N	NA	NA	 2
Pontoppidan, Erik	NA	NA	 2
Granö, J G	NA	NA	 2
Ullman, Uddo Lechard	NA	NA	 2
Ojansuu, Heikki	NA	NA	 2
Luther, Alex	NA	NA	 2
P	NA	NA	 2
Lie, Bernt	NA	NA	 2
Le Feuvre, Amy	NA	NA	 2
Caine, Hall	NA	NA	 2
öhberg, Alfred	NA	NA	 2
Häggström, Lorentz Wilhelm	NA	NA	 2
Mantere, Oskari	NA	NA	 2
Liljeblom, Elin Adèle	NA	NA	 2
Lindelöf, Uno	NA	NA	 2
Eisen, M J	NA	NA	 2
Buxhoevden, Friedrich Wilhelm Von	NA	NA	 2
Humble, Verner	NA	NA	 2
Engelberg, Rafael	NA	NA	 2
Hästesko, F A	NA	NA	 2
Adami, Johan Samuel	NA	NA	 2
Korhos-heikki	NA	NA	 2
Balzac, Honoré De	NA	NA	 2
Enroth, Karolina	NA	NA	 2
Aldén, Gustaf A	NA	NA	 2
Waldenström, Peter Paul	NA	NA	 2
Ekedahl, Jonas Svenonis	1707	NA	 2
Mellberg, E J	NA	NA	 2
Lassinen, Emil	NA	NA	 2
Klint, Gustaf Af	NA	NA	 2
Roberts, Charles G D	NA	NA	 2
Tallgrén, H	NA	NA	 2
Hjelmman, A L	NA	NA	 2
Turgenev, Ivan	NA	NA	 2
Karsten, T E	NA	NA	 2
Forsström, O A	NA	NA	 2
Lindman, Karl F	NA	NA	 2
Schneider, Guido	NA	NA	 2
Forsman, W V	NA	NA	 2
Segerstedt, Albrekt Julius	NA	NA	 2
Dohna-schlodien, Nikolaus Zu	NA	NA	 2
Duff, Mildred	NA	NA	 2
George, Henry	NA	NA	 2
Tres	NA	NA	 2
Lacmannus, Barthollus Johannis	1679	NA	 2
Forstén, Alma	NA	NA	 2
Burnett, Frances Hodgson	NA	NA	 2
Fries, B	NA	NA	 2
Terhi, Kaarlo	NA	NA	 2
Sergelius, Max	NA	NA	 2
Emeléus, Irene	NA	NA	 2
Pettinen, August	NA	NA	 2
Hjelt, Hjalmar	NA	NA	 2
Hautala, Janne	NA	NA	 2
Westerlund, F W	NA	NA	 2
Reinilä, Edit	NA	NA	 2
Jalander, Y W	NA	NA	 2
Wång, Johannes Petri	1728	NA	 2
Hermansson, Johannes	NA	NA	 2
åström, N	NA	NA	 2
Penn-lewis, Jessie	NA	NA	 2
Blanche, August	NA	NA	 2
Rikala, Lauri	NA	NA	 2
Palmgren, Rolf	NA	NA	 2
Heikel, Einar	NA	NA	 2
Henry, René	NA	NA	 2
Mary, Jules	NA	NA	 2
Majander, Salomon	NA	NA	 2
Müller, Johannes	NA	NA	 2
Huch, Ricarda	NA	NA	 2
Reijo-waara, Konr	NA	NA	 2
Laurosela, Jussi	NA	NA	 2
Herkner, Heinrich	NA	NA	 2
Thors, Mårten	NA	NA	 2
Clopatt, Arthur	NA	NA	 2
Carter, Nicholas	NA	NA	 2
Hugo, Victor	NA	NA	 2
Roos, Magnus Friedrich	NA	NA	 2
Julin, Isak	NA	NA	 2
Kuusela, Kustaa	NA	NA	 2
Tiitus	NA	NA	 2
Veijola, Yrjö	NA	NA	 2
Carger, Hilda	NA	NA	 2
Schenberg, Daniel Johannis	1715	NA	 2
Du Chaillu, Paul B	NA	NA	 2
Serlachius, Allan	NA	NA	 2
Rosenqvist, I A	NA	NA	 2
Merabov, G A	NA	NA	 2
Kelber, Johan Georg	NA	NA	 2
Colliander, O I	NA	NA	 2
Marcuse, Julian	NA	NA	 2
Hammar, Kaarlo Aukusti	NA	NA	 2
Olsoni, Emerik	NA	NA	 2
Hermelin, S G	NA	NA	 2
Gabrielsson, K A	NA	NA	 2
Wänttinen, Ernest	NA	NA	 2
Gestrin, E T	NA	NA	 2
Vulpius, Christian August	NA	NA	 2
Litzell, Karl Emil	NA	NA	 2
Matteson, J G	NA	NA	 2
Maamies	NA	NA	 2
Wilcox, Thomas	NA	NA	 2
Forstman, G W	NA	NA	 2
Wodehouse, E A	NA	NA	 2
Mellin, Hj	NA	NA	 2
Hällström, Selma	NA	NA	 2
Pellikka, Johan	NA	NA	 2
Aaltio, Eetu	NA	NA	 2
Jurist, En	NA	NA	 2
Vennola, J H	NA	NA	 2
Louhivuori, O W	NA	NA	 2
äimä, F	NA	NA	 2
Bohnhof, Anna	NA	NA	 2
Nyström, Maria	NA	NA	 2
Björk, Jacobus Johannes	NA	NA	 1
Jolin, Johan	NA	NA	 1
Neikter, Jacobus Fredricus	NA	NA	 1
Wahlfors, K R	NA	NA	 1
Savolainen, Vilho	NA	NA	 1
Lindberg, Harald	NA	NA	 1
Mattsson, Guss	NA	NA	 1
Nepos, Cornelius	NA	NA	 1
Näätänen, Alb	NA	NA	 1
Furuhjelm, Erik	NA	NA	 1
Nordström, Väinö	NA	NA	 1
Londen, Lilly	NA	NA	 1
Droste-hülshoff, Annette Von	NA	NA	 1
Wallensköld, A	NA	NA	 1
Savolainen, Abraham	NA	NA	 1
Wit, Frederick De	NA	NA	 1
Preutere, Erik	NA	NA	 1
Leppä, Juho	NA	NA	 1
Hwal, Elisaeus Eliae	1708	NA	 1
Habberton, John	NA	NA	 1
Olsson, P	NA	NA	 1
Peldan, Israel Henrici	1747	NA	 1
Jansson, Uno	NA	NA	 1
Bellamy, Edward	NA	NA	 1
Borg, Arvid	NA	NA	 1
Pehkonen, F A	NA	NA	 1
Malmberg, Aino	NA	NA	 1
Saxman, Herman	NA	NA	 1
Ronimus, Rafael	NA	NA	 1
Levón, Edvard Eliel	NA	NA	 1
Descuret, J B F	NA	NA	 1
Grotenfelt, N Karl	NA	NA	 1
Aimard, Gustave	NA	NA	 1
Newcomb, Simon	NA	NA	 1
Berzelius, J J	NA	NA	 1
Nietzsche, Friedrich	NA	NA	 1
Leo, Gottlob Edvard	NA	NA	 1
Sahlstén, P A	NA	NA	 1
Stendhal	NA	NA	 1
Björkman, Hj	NA	NA	 1
Baumgarten, Olga Von	NA	NA	 1
Suominen, Teodor	NA	NA	 1
Iliodor	NA	NA	 1
Salmelainen, Olli	NA	NA	 1
Rosenback, Erland	NA	NA	 1
Järwinen, N	NA	NA	 1
Lamszus, Wilhelm	NA	NA	 1
Simonyi, Sigmund	NA	NA	 1
Hedström, Matthias	NA	NA	 1
Steveni, William Barnes	NA	NA	 1
Ikonen, Leander	NA	NA	 1
Rautanen, Martti	NA	NA	 1
**tarina	NA	NA	 1
Gide, Charles	NA	NA	 1
Aalto, Artturi	NA	NA	 1
Jammes, Francis	NA	NA	 1
Alfthan, Nikolai	NA	NA	 1
Tandefelt, Heikki	NA	NA	 1
Nordling, Elis	NA	NA	 1
Holmberg, Carl Emil	NA	NA	 1
Post, R V	NA	NA	 1
Lindsten, O	NA	NA	 1
Swedenborg, Emanuel	NA	NA	 1
Mömmö, Lahja	NA	NA	 1
Lindroos, Karl	NA	NA	 1
Emlekyl	NA	NA	 1
Mäki, Aaku	NA	NA	 1
Gadelius, B	NA	NA	 1
Aura, Juho	NA	NA	 1
Ferri, Enrico	NA	NA	 1
Metzeen, Olof	NA	NA	 1
Hohenthal, Lennart	NA	NA	 1
Manuel, Eugène	NA	NA	 1
Hackman, A	NA	NA	 1
Mau, Edvard	NA	NA	 1
Dörpfeld, Friedrich Wilhelm	NA	NA	 1
Pohjanpalo, Maija	NA	NA	 1
Falcken, Wilhelm Reinhold	1729	NA	 1
Strömberg, Adam Theodor	NA	NA	 1
Breckling, Friedrich	NA	NA	 1
Salokangas, H J	NA	NA	 1
Bunge, G Von	NA	NA	 1
Kajanus, Selma	NA	NA	 1
Roberg, Laurentius	NA	NA	 1
Perron, Paul	NA	NA	 1
Labiche	NA	NA	 1
Bonsdorff, Artur Von	NA	NA	 1
Wendt, Ernst Von	NA	NA	 1
Adam, Onkel	NA	NA	 1
Maurey, Max	NA	NA	 1
Wardenberg, Carl Von	NA	NA	 1
Lyytikäinen, Kosti	NA	NA	 1
Kellermann, Bernhard	NA	NA	 1
Hammarström, R	NA	NA	 1
Nummelin, Emil	NA	NA	 1
Petraeus, Johan Andersson	1739	NA	 1
Stemann, Johannes	NA	NA	 1
Sphinx	NA	NA	 1
Falkenegg	NA	NA	 1
Mellberg, C August	NA	NA	 1
May, K	NA	NA	 1
Haataja, E	NA	NA	 1
Jacobson, Efr	NA	NA	 1
Kainulainen, Ruupert	NA	NA	 1
Krohn, Ilmari	NA	NA	 1
Larsson, Hans	NA	NA	 1
Forssman, Arvid	NA	NA	 1
Claus, W	NA	NA	 1
Braun, Gustav	NA	NA	 1
Ivendorff, Magnus Jacob	NA	NA	 1
Andrejev, N	NA	NA	 1
Malm, Pekka	NA	NA	 1
Zola, Emile	NA	NA	 1
Botčkovski, G	NA	NA	 1
Wendelius, Johannes Johannis	1719	NA	 1
Ceder, K R	NA	NA	 1
Sundvik, Ernst Edv	NA	NA	 1
Horatius Flaccus, Quintus	NA	NA	 1
Hjelt, Teodor	NA	NA	 1
Kontuniemi, Yrjö	NA	NA	 1
Hellenius, Petrus Jonae	1657	NA	 1
Hollming, Frans Victor	NA	NA	 1
Oksala, O	NA	NA	 1
Hume, Fergus	NA	NA	 1
Beronius, Magnus	NA	NA	 1
Lagerholm, J	NA	NA	 1
Lombroso, Cesare	NA	NA	 1
Gröndahl, Lyyli	NA	NA	 1
öhman, E F	NA	NA	 1
Palmén, John	NA	NA	 1
Läntinen, V L	NA	NA	 1
Velstenius, Henricus	1611	NA	 1
Peterson, Folke	NA	NA	 1
Päiviö, Juho	NA	NA	 1
Cunning, Robert	NA	NA	 1
Inkala	NA	NA	 1
Westphal, Otto	NA	NA	 1
Plassow, Johann Zur	NA	NA	 1
Farrar, Frederick William	NA	NA	 1
Neovius, Arvid	NA	NA	 1
Hirvensalo, L O	NA	NA	 1
Muderspach, L	NA	NA	 1
Merisointu, Sine	NA	NA	 1
Forsman, Aukusti Valdemar	NA	NA	 1
Brooks, Phillips	NA	NA	 1
Rang, Ragnar	NA	NA	 1
Renvall, Lennart T	NA	NA	 1
Smiles, Samuel	NA	NA	 1
Potapenko, Ignatij Nikolaevič	NA	NA	 1
Auer, Vihtori	NA	NA	 1
Widenius, K A	NA	NA	 1
Lissagaray, Prosper-olivier	NA	NA	 1
Svensson, Emil	NA	NA	 1
Jackson, John	NA	NA	 1
Collin, C A	NA	NA	 1
Perälä, Lauri	NA	NA	 1
Laitinen, Joh	NA	NA	 1
Chayla, A -m Du	NA	NA	 1
Lundström, Gustaf Alexander	NA	NA	 1
Bellman, Johan Martin	NA	NA	 1
Friedmann, Hermann	NA	NA	 1
Hector, Adolf	NA	NA	 1
Invenius, Rosa	NA	NA	 1
Kaltschmied, Carol Frider	NA	NA	 1
Ojala, Herman	NA	NA	 1
Pinello, N E	NA	NA	 1
Steiner, Rudolf	NA	NA	 1
Cramer, W	NA	NA	 1
Konow, Agnes Von	NA	NA	 1
Helander, A Benjamin	NA	NA	 1
Lindholm, Alfred Rikhard	NA	NA	 1
H-nn, M	NA	NA	 1
Johansson, Joh A	NA	NA	 1
Lawrence, Abbot	NA	NA	 1
Mangold, H W	NA	NA	 1
Benson, Allan L	NA	NA	 1
Freytag, Gustav	NA	NA	 1
L-m, O	NA	NA	 1
Qvist, Walter	NA	NA	 1
Tikkanen, L J	NA	NA	 1
öhman, Hjalmar	NA	NA	 1
Palander, Gunnar	NA	NA	 1
Bögelund, P J	NA	NA	 1
Miödh, Jonas Magni	1711	NA	 1
Miettinen, M	NA	NA	 1
Lindeman, Berndt Adolf	NA	NA	 1
Heikel, Sofia Antoinette Netta	NA	NA	 1
Frey, J	NA	NA	 1
Fedorov, Evg	NA	NA	 1
Eurenius, Jakob J	NA	NA	 1
Herlin, Rafael	NA	NA	 1
Breshko-breshkovskij, N N	NA	NA	 1
Wangemann, H Theodor	NA	NA	 1
Sohlman, B	NA	NA	 1
-u	NA	NA	 1
Särkilax, Peder	NA	NA	 1
Ennu	NA	NA	 1
Björkenheim, Edv	NA	NA	 1
Hirvensalo, L R	NA	NA	 1
Baierlein, Josef	NA	NA	 1
Sewell, Anna	NA	NA	 1
Essen, Mikael Von	NA	NA	 1
Sarva, Gunnar	NA	NA	 1
Ennes, B A	NA	NA	 1
Honka, U	NA	NA	 1
Barratt, T B	NA	NA	 1
Ilenius, Taavi	NA	NA	 1
Xiii, Kaarle	NA	NA	 1
Drechsler, Yrjö	NA	NA	 1
Hernberg, Alarik	NA	NA	 1
Nordin, Johan Ludvig	NA	NA	 1
Borgström, Arthur H	NA	NA	 1
Münzinger, Carl	NA	NA	 1
Nybergh, Torsten	NA	NA	 1
Barrière, Théodore	NA	NA	 1
Williams, Harold Whitmore	NA	NA	 1
Fieandt, G J Von	NA	NA	 1
Enström, Gustaf	NA	NA	 1
Vitkala, Eva M	NA	NA	 1
Raspe, Rudolf Erich	NA	NA	 1
Melander, Richard	NA	NA	 1
Weissman Von Weissenstein, Adam Gustaf	NA	NA	 1
Tamm, Oskar	NA	NA	 1
Sommerfeld, Th	NA	NA	 1
Rockefeller, John D	NA	NA	 1
Nyström, Solmu	NA	NA	 1
Arrhenius, Johan	NA	NA	 1
Curwood, James Oliver	NA	NA	 1
Saalasti, Filip	NA	NA	 1
Kruse, Georg Richard	NA	NA	 1
L'ecluse, Jacques De	1744	NA	 1
E-	NA	NA	 1
Baumgartner, Alexander	NA	NA	 1
Streng, Harry	NA	NA	 1
Riddell, Newton N	NA	NA	 1
Cluverius, Phil	NA	NA	 1
Bergbom, Axel	NA	NA	 1
Nordström, Otto Mauritz	NA	NA	 1
Ring, Barbra	NA	NA	 1
Stieler, Adolf	NA	NA	 1
Björck, Abraham	NA	NA	 1
Mohr, O E	NA	NA	 1
Sandström, Gustaf Arvid Selim	NA	NA	 1
Hagelstam, Wentzel	NA	NA	 1
Glöckner, J G	NA	NA	 1
Paulaharju, Samuli	NA	NA	 1
Feoktistov, V E	NA	NA	 1
Malkki, Aleksanteri	NA	NA	 1
Hoffmann, Heinrich	NA	NA	 1
Moskvitš, Grigori	NA	NA	 1
Castrén, J	NA	NA	 1
Müller, Heinrich	NA	NA	 1
Pohjanpää, Lauri	NA	NA	 1
Silfvast, Anders	NA	NA	 1
Payot, Jules	NA	NA	 1
Berg, Carl Oskar	NA	NA	 1
Svenske, Jerker	NA	NA	 1
Wikman, Otto	NA	NA	 1
Sjöström, J A	NA	NA	 1
Bergegrén, Hinke	NA	NA	 1
Listow, Andreas Lauridz Carl	NA	NA	 1
Soikkeli, Kaarle	NA	NA	 1
Jakobsson, Aug	NA	NA	 1
Lindeberg, J W	NA	NA	 1
Hallstén, Ilmi	NA	NA	 1
Väinölä, Rudolf	NA	NA	 1
Derschau, F	NA	NA	 1
Niemi, Vihtori	NA	NA	 1
Jorma, Atso	NA	NA	 1
Järnefelt, Eugen	NA	NA	 1
Lilius, Aleko	NA	NA	 1
Gummerus, Julius Immanuel	NA	NA	 1
Saxon, J L	NA	NA	 1
Rittmeijer, M J	NA	NA	 1
Hakosalo, Maiju	NA	NA	 1
Nicolay, Paul	NA	NA	 1
Mangold, H V	NA	NA	 1
Kahlbaum, Georg W A	NA	NA	 1
Juslin, Wilh	NA	NA	 1
Loefving, Gustavus Magnus	NA	NA	 1
Schröer, Gustav	NA	NA	 1
Kingsley, Charles	NA	NA	 1
Michelet, Marie	NA	NA	 1
Roos, Sigurd	NA	NA	 1
Talmage, T De Witt	NA	NA	 1
Wallerius, Joh Gottsch	NA	NA	 1
Mickwitz, Axel	NA	NA	 1
Kellner, L	NA	NA	 1
Ungius, Petrus Johannis	1655	NA	 1
Kristanja	NA	NA	 1
Quis	NA	NA	 1
Hellevaara, E	NA	NA	 1
Tanner, Henrik	NA	NA	 1
Hammarén, Antti	NA	NA	 1
Maikov, P M	NA	NA	 1
Ullmann, V	NA	NA	 1
Säntti, Juuso	NA	NA	 1
Nylander, Anders Andersson	1727	NA	 1
Monell, Gregorius	NA	NA	 1
Hindhede, M	NA	NA	 1
Korpikivi, Kyösti	NA	NA	 1
Bange, Andreas Andreae	1719	NA	 1
Oksanen, Kaarlo	NA	NA	 1
Frich, øvre Richter	NA	NA	 1
Melstedt, Henning Von	NA	NA	 1
Myrberg, Otto Ferdinand	NA	NA	 1
Messel, P	NA	NA	 1
Lindelöf, J A	NA	NA	 1
Viking, Harald	NA	NA	 1
Havela, A V	NA	NA	 1
Bonsdorff, Adolf Von	NA	NA	 1
Koskimies, Juho	NA	NA	 1
Waurio, W K	NA	NA	 1
Engels, Friedrich	NA	NA	 1
Boas, Johan Erik Vesti	NA	NA	 1
Herchenbach, W	NA	NA	 1
Jauhiainen, J J	NA	NA	 1
Mela, Aukusti Juhana	NA	NA	 1
Minni, J W	NA	NA	 1
Qvanten, Emil Von	NA	NA	 1
Friedegg, Ernst	NA	NA	 1
Framsynt	NA	NA	 1
Tallmage, Thomas De Witt	NA	NA	 1
Saarenseppä, A R	NA	NA	 1
Heikel, B W	NA	NA	 1
Sihvonen, Fabian	NA	NA	 1
Stöckhardt, Julius Adolph	NA	NA	 1
Krook, Edvard	NA	NA	 1
Kahra, Wilho	NA	NA	 1
Fresenius, Johann Friedrich	NA	NA	 1
Frey, Johan A	NA	NA	 1
Martineau, Harriet	NA	NA	 1
Ehrenswärd, Augustin	NA	NA	 1
Claretie, Jules	NA	NA	 1
Betty	NA	NA	 1
Gammal, Martinus Matthiae	NA	NA	 1
Grytzell, Josef	NA	NA	 1
Zilliacus, Wilhelm	NA	NA	 1
Seton-karr, H W	NA	NA	 1
Lamberg, J	NA	NA	 1
Bastin, J	NA	NA	 1
Bähr, David	NA	NA	 1
Blomqvist, Anna Catharina	NA	NA	 1
Boccaccio, Giovanni	NA	NA	 1
Nyberg, Julia Kristina	NA	NA	 1
Lagus, Ernst	NA	NA	 1
Heikkilä, Seth	NA	NA	 1
Gabrielinpoika, J	NA	NA	 1
Birch-pfeiffer, Charlotte	NA	NA	 1
Kallio, A	NA	NA	 1
Nieroth, Carl	NA	NA	 1
Veste, Georg Von Der	NA	NA	 1
Pakkala, Arvid	NA	NA	 1
Törnvall, Lars Emil	NA	NA	 1
Törnroth, Henricus	NA	NA	 1
Bernstein, A	NA	NA	 1
Hedengren, Johannes	NA	NA	 1
österbladh, Kaarlo	NA	NA	 1
Ingerslev, A	NA	NA	 1
Laukki, Leo	NA	NA	 1
Ojajärvi, K W	NA	NA	 1
Seager, Robert	NA	NA	 1
Ahlgren, Ernst	NA	NA	 1
Hagfors, Er Aug	NA	NA	 1
Hansen, Erik	NA	NA	 1
Pacchalenius, Benjamin Andersson	1707	NA	 1
Swift, Jonathan	NA	NA	 1
Witting, R J	NA	NA	 1
Bayard, M	NA	NA	 1
Matthiae, Salomon	NA	NA	 1
Schübeler, F C	NA	NA	 1
Wetterhoff, Fritz	NA	NA	 1
Lattu, Pekka	NA	NA	 1
Dostojevski, F M	NA	NA	 1
Hornborg, Karl Henrik	NA	NA	 1
Paysen, Petersen Georg	NA	NA	 1
Hallsten, A	NA	NA	 1
Lundqvist, August	NA	NA	 1
Silieström, Olof	NA	NA	 1
Vail, Chas H	NA	NA	 1
Lindborg, Karl Johan	NA	NA	 1
Jerome, Jerome K	NA	NA	 1
Aejmelaeus, Niilo	NA	NA	 1
Aagaard, Gustav	NA	NA	 1
Klausen, Michael Nicolai	NA	NA	 1
Lindqvist, Bruno	NA	NA	 1
Lindberg, Ernst E	NA	NA	 1
Huotari, Anni	NA	NA	 1
Ásbóth, Oskar	NA	NA	 1
Blomström, Aron	NA	NA	 1
Cox, Samuel S	NA	NA	 1
Poppenberg, Felix	NA	NA	 1
Hagerup, Eiler	NA	NA	 1
Salokannel, Artturi	NA	NA	 1
Pylkkö, Vilho	NA	NA	 1
Similä, Yrjö	NA	NA	 1
Hoffrenius, Henricus Johannis	1710	NA	 1
Nielsen, Konrad	NA	NA	 1
Boyd, Robert	NA	NA	 1
Nenye, Eemi	NA	NA	 1
Lockyer, J Norman	NA	NA	 1
Lappi, A F	NA	NA	 1
Deck, Jean	NA	NA	 1
Spegel, Haquinus M	NA	NA	 1
Vuorio, Otto	1886	NA	 1
Schwartz, A	NA	NA	 1
Forss, Juho Anton Immanuel	NA	NA	 1
Schartau, Gustava	NA	NA	 1
Westman, Paul-eric	NA	NA	 1
Wainio, Niilo E	NA	NA	 1
Mickwitz, Gerda Von	NA	NA	 1
Gerok, Karl	NA	NA	 1
Becker, Gösta	NA	NA	 1
Blässar, Tuure	NA	NA	 1
Granfelt, Eino	NA	NA	 1
Savola, Alb	NA	NA	 1
Pennanen, Anni M	NA	NA	 1
Mamin-sibirjak, D N	NA	NA	 1
Jägerskiöld, C L	NA	NA	 1
Eichwald, Eduard Von	NA	NA	 1
Gastineau, Octave	NA	NA	 1
Ricard, Olfert	NA	NA	 1
Teslev	NA	NA	 1
Fränti, Aleksanteri	NA	NA	 1
Onola, Onni	NA	NA	 1
Lang, J N	NA	NA	 1
Tunkelo, J H	NA	NA	 1
Appelberg, Ernst Arvid	NA	NA	 1
Nyberg, Paul	NA	NA	 1
Hirn, Karl E	NA	NA	 1
Herzog, S	NA	NA	 1
Mökkiläinen, Mikko	NA	NA	 1
Wilskman, Atle	NA	NA	 1
Julenius, Jacobus Zachariae	1691	NA	 1
Trozelius, Clas Blechert	NA	NA	 1
Ahlfors, K Axel	NA	NA	 1
Hedberg, Frans	NA	NA	 1
Hellén, E F	NA	NA	 1
Dragomirow, M	NA	NA	 1
Ekman, Kurt	NA	NA	 1
ährenström, D A	NA	NA	 1
Ritter, P H	NA	NA	 1
Langlet, Mathilda	NA	NA	 1
Ohlsson, Sven	NA	NA	 1
Raleigh, Thomas	NA	NA	 1
Skoglund, G M	NA	NA	 1
Pirilä, P W	NA	NA	 1
Lucianus	NA	NA	 1
Malmström, Carl Gustaf	NA	NA	 1
Mallet, Freder	NA	NA	 1
Rindell, Edvard	NA	NA	 1
Fick, Johannes Ericus	NA	NA	 1
Hertwig, Robert	NA	NA	 1
Schödler, Friedrich	NA	NA	 1
Wirén, Edvin	NA	NA	 1
Petterson, Erik Viktor	NA	NA	 1
Dufva, Otto Th	NA	NA	 1
Lucander, Henricus Henrici	NA	NA	 1
Buntline, Ned	NA	NA	 1
Senwall, Kaarlo Vilho	NA	NA	 1
Sinisalo, Sulo	NA	NA	 1
Hunfalvy, Páltól	NA	NA	 1
Semenov, Viktor	NA	NA	 1
Idestam, Leonard	NA	NA	 1
Tucker, Charlotte	NA	NA	 1
Calonius, F L	NA	NA	 1
Helsingius, G A	NA	NA	 1
Forselles, Arthur Af	NA	NA	 1
Böhme, Margarete	NA	NA	 1
Baranovski, S	NA	NA	 1
Jadwige, Terese	NA	NA	 1
Friedrich, W	NA	NA	 1
Friman, J	NA	NA	 1
Roine, Ludvig	NA	NA	 1
Svidzinskij, E	NA	NA	 1
Grubb, Nils	NA	NA	 1
Rancken, C W	NA	NA	 1
Tähtilä, R	NA	NA	 1
Toukola, Aleks	NA	NA	 1
Poutiainen, Paavo	NA	NA	 1
Markelin-svensson, Jenny	NA	NA	 1
Sahlan, Alfred	NA	NA	 1
Rudenschöld, Magdalena Charlotta	NA	NA	 1
Junttila, Frans	NA	NA	 1
Christoph	NA	NA	 1
Ohrt, F	NA	NA	 1
Savolin, M	NA	NA	 1
Laine, Juho	NA	NA	 1
Ramsay, Jully	NA	NA	 1
K-n, A	NA	NA	 1
Seume, J G	NA	NA	 1
Osmio, Uno	NA	NA	 1
Frosterus, G	NA	NA	 1
Karttunen, K I	NA	NA	 1
Frosterus-segerstråle, Hanna	NA	NA	 1
Fennoman, En	NA	NA	 1
Bergh, John	NA	NA	 1
Bruce, Anders De	NA	NA	 1
Linnaniemi, Walter L	NA	NA	 1
Sandberg, Johan Fredrik	NA	NA	 1
Flygare-carlén, Emilie	NA	NA	 1
Pontoppidan, Henrik	NA	NA	 1
Widma, Oskar	NA	NA	 1
Saltza, Edvard Fredrik Von	NA	NA	 1
Wreech, Curt Friedrich Von	NA	NA	 1
Schroeder-hallakorpi, I A	NA	NA	 1
Winter, Reinhold	NA	NA	 1
Heymann, Robert	NA	NA	 1
Hällberg, S W	1861	NA	 1
Europaeus, Aarne	NA	NA	 1
Skough, Olaus Jonae	NA	NA	 1
Castrén, Zachris	NA	NA	 1
Lobe, J C	NA	NA	 1
Hoffman, H	NA	NA	 1
Hårdh, Albert	NA	NA	 1
Keppler, Paul Wilhelm Von	NA	NA	 1
Kollanius, Abraham Abrahamsson	1667	NA	 1
Kielland, Alexander Lange	NA	NA	 1
Wiberg, Anders	NA	NA	 1
Suomela, Anni	NA	NA	 1
Tallqvist, Knut	NA	NA	 1
Adlersfeld-ballestrem, Eufemia Von	NA	NA	 1
Berghell, H	NA	NA	 1
Fennander, O W	NA	NA	 1
Tirranen, M	NA	NA	 1
Howitz, Frants Johannes August Carl	NA	NA	 1
Melander, K R	NA	NA	 1
Roschier, L J	NA	NA	 1
Seton, Ernest Thompson	NA	NA	 1
Lagus, Wilhelm	NA	NA	 1
Asp, Kustaa	NA	NA	 1
Rosén Von Rosenstein, Nicolaus	NA	NA	 1
Olander, O	NA	NA	 1
Kah	NA	NA	 1
Tolmatševskaja, Anastasija	NA	NA	 1
Daniel Henkikäsi, Numero	NA	NA	 1
L-n, E	NA	NA	 1
Roerdam, Thomas Skat	NA	NA	 1
Brofeldt, A	NA	NA	 1
Lindqvist, Ilmari R	NA	NA	 1
Zethrin, Michael	NA	NA	 1
Tesche, E A	NA	NA	 1
Lange, Bengt	NA	NA	 1
Monod, Adolphe	NA	NA	 1
Molander, Harald	NA	NA	 1
Hjerta, Fredrich Larsson	NA	NA	 1
Holmberg, Mårten	NA	NA	 1
Falk, W v	NA	NA	 1
Heldmann, Andreas	NA	NA	 1
Wingborg, F A	NA	NA	 1
Merle D'aubigné, Jean Henri	NA	NA	 1
Granath, Wilhelm	NA	NA	 1
Lehtonen, Helmi Lydia	NA	NA	 1
Soininen, Sofia	NA	NA	 1
Orlow, I	NA	NA	 1
Lindholm, F K E	NA	NA	 1
Granqvist, Gunnar	NA	NA	 1
James, John Angell	NA	NA	 1
Bonsdorff, Karl Robert	NA	NA	 1
Sarlin, Anna	NA	NA	 1
Westerlund, A W	NA	NA	 1
Streng, Harry Johannes	NA	NA	 1
K e	NA	NA	 1
Escande, Gustave	NA	NA	 1
Alstrin, Lars	1775	NA	 1
Wrede, Hindric Joh	NA	NA	 1
Taylor, Bayard	NA	NA	 1
Forsman, William Vindician	NA	NA	 1
Johansson, Petter	NA	NA	 1
Vuokko, Väikkö	NA	NA	 1
Lund, Henrik	NA	NA	 1
Engelhardt, E V	NA	NA	 1
Schmidt	NA	NA	 1
Munsterhjelm, Ludvig	NA	NA	 1
Neovius, O	NA	NA	 1
Plehanov, Georgi	NA	NA	 1
Blå, Fågel	NA	NA	 1
Almquist, Helge	NA	NA	 1
Juuso	NA	NA	 1
Giers, Eric P	NA	NA	 1
Lütkemann, Gabriel Timotheus	NA	NA	 1
Henrikson, Gerhard	NA	NA	 1
Keinänen, Aino	NA	NA	 1
Blomstedt, Kaarlo Juhana	NA	NA	 1
Folkenius, Sveno Laurentii	1651	NA	 1
Collan, Anni	NA	NA	 1
Borgström, Leon H	NA	NA	 1
Karvonen, A	NA	NA	 1
Fahlenius, Ericus	NA	NA	 1
Forssell, E A	NA	NA	 1
Weber, Th	NA	NA	 1
Hårdh, Henrik Eliel	NA	NA	 1
Stockham, Alice B	NA	NA	 1
Rabbe, Fabian	NA	NA	 1
Blomberg, Arthur Oliver	NA	NA	 1
Tammelinus, Matthias Isaaci	1722	NA	 1
Wargelin, John	NA	NA	 1
Hoof, Jacob Otto	NA	NA	 1
Billman, P M	NA	NA	 1
Turunen, Ilona	NA	NA	 1
Sand, George	NA	NA	 1
Gerdt, Johannes Laurentii	NA	NA	 1
Forster, M	NA	NA	 1
Rauhamaa, Onni	NA	NA	 1
Selja	NA	NA	 1
Schauman, Ossian	NA	NA	 1
Wilder, R P	NA	NA	 1
Tudeer, L O Th	NA	NA	 1
Catullus, C Valerius	NA	NA	 1
Frey, Alexander	NA	NA	 1
Ordin, K F	NA	NA	 1
Koski, Samuli	NA	NA	 1
Lagus, Gabriel Jonae	1762	NA	 1
Korvenkontio, V A	NA	NA	 1
Raevuori, Vihtori	NA	NA	 1
Hjärne, Harald	NA	NA	 1
Höltznern, Matthias	NA	NA	 1
Ponson Du Terrail, Pierre Alexis De	NA	NA	 1
Pennanen, A	NA	NA	 1
Kexlerus, Andreas Simonis	1707	NA	 1
Linné, Carl Von	NA	NA	 1
Fulda, Ludwig	NA	NA	 1
Komppa, Gust	NA	NA	 1
Prisv̌in, Mihail	NA	NA	 1
Rosegger, Peter	NA	NA	 1
Mihailovski-danilevski, A I	NA	NA	 1
Babcock, M	NA	NA	 1
Tukiainen, M	NA	NA	 1
Hahn, Nicolaus Petri	1732	NA	 1
Kala, J H	NA	NA	 1
Lindström, Fredr J	NA	NA	 1
Vanamo, Kaarlo	NA	NA	 1
Nuormaa, Severi	NA	NA	 1
Santeri	NA	NA	 1
Bohlin, B	NA	NA	 1
Horatio	NA	NA	 1
Tweedie, Alec Mrs	NA	NA	 1
Zieguerer, Christian	NA	NA	 1
Forsenius, Johannes Svenonis	1675	NA	 1
Lindfors, Akseli	NA	NA	 1
T	NA	NA	 1
Thackeray, William Makepeace	NA	NA	 1
D'annunzio, Gabriele	NA	NA	 1
Krogerus-ritoniemi, W J G	NA	NA	 1
Morawsky, S P	NA	NA	 1
Waltasaari, Johannes Ludvig	NA	NA	 1
Shaw, Bernard	NA	NA	 1
Pulkkinen, Salomo	NA	NA	 1
Korpi, Frans	NA	NA	 1
Hengstenberg, E W	NA	NA	 1
Hoving, Johannes	NA	NA	 1
Landsberg, Bernhard	NA	NA	 1
Salminen, K A	NA	NA	 1
Bazin, René	NA	NA	 1
Tvetovius, Laurentius Johannis	1688	NA	 1
Lydecken, Charlotta Maria	NA	NA	 1
Csepreghy, Ferencz	NA	NA	 1
Itkonen, Wilho	NA	NA	 1
Levinsohn, Isak	NA	NA	 1
Suomalainen, Jalmari Tobias	NA	NA	 1
Svan, Carl Gustaf	NA	NA	 1
Wolkenstein, Ljudmila	NA	NA	 1
Palm, Zacharias Danielsson	NA	NA	 1
Lähde, Vihtori	NA	NA	 1
Gripenberg, Catri	NA	NA	 1
Hannula, Ruth	NA	NA	 1
Haggrén, Maria	NA	NA	 1
Spjut, Einar	NA	NA	 1
Hichens, Robert	NA	NA	 1
Mead, Mathaeus	NA	NA	 1
Hummelin, Juho Werner	NA	NA	 1
Enckell, A	NA	NA	 1
Dreyfus, Alfred	NA	NA	 1
Hägg, Erik	NA	NA	 1
Stiernadler, Lennart Johan	NA	NA	 1
Orzsezko, Eliza	NA	NA	 1
Dolman, D H	NA	NA	 1
Eliot, George	NA	NA	 1
Liljeroos, J E	NA	NA	 1
Genetz, Atle	NA	NA	 1
Aurivillius, Magnus P	NA	NA	 1
Johanson, V F	NA	NA	 1
Sanden, Gabriel	NA	NA	 1
Rodionov, I A	NA	NA	 1
Lachmann, J J	NA	NA	 1
Heckscher, Eli F	NA	NA	 1
Henkel, Th	NA	NA	 1
Pirilä, Paavo	NA	NA	 1
Almberg, E	NA	NA	 1
Pihkala, R	NA	NA	 1
Silvennoinen, Onni	NA	NA	 1
Eriksson, Gösta	NA	NA	 1
Tiura, A J	NA	NA	 1
Keller, Gottfried	NA	NA	 1
Görner, C A	NA	NA	 1
Peltonen, Aug F	NA	NA	 1
Walton, O F	NA	NA	 1
Kuusi, M I	NA	NA	 1
Heinonen, G A	NA	NA	 1
Teppo	NA	NA	 1
Sandberg, Algot	NA	NA	 1
Gusev, P V	NA	NA	 1
Suuronen, Philip	NA	NA	 1
Ala-kulju, Eveliina	NA	NA	 1
Häger, Miina	NA	NA	 1
Kempe, Laurentius Andreae	1669	NA	 1
Stening, Klas	NA	NA	 1
Forsman, Ernesti	NA	NA	 1
Uhrlander, Tobias Tobiae	NA	NA	 1
Kexholmensis, Elias Johannis	1710	NA	 1
Winqvist, Carl	NA	NA	 1
Brühl, G Von	NA	NA	 1
Lg, Rf	NA	NA	 1
Thomas, Louis	NA	NA	 1
Engelhardt, A P	NA	NA	 1
Caspari, K H	NA	NA	 1
Reinilä-hellman, Edit	NA	NA	 1
Kolkkala, Väinö	NA	NA	 1
Bonsdorff, Carl V	NA	NA	 1
Kärkkäinen, Kerttu Fredrika	NA	NA	 1
Tegengren, Gustav	NA	NA	 1
Thorp, Fielden	NA	NA	 1
Klingstedt, F W	NA	NA	 1
Lilius, Anna	NA	NA	 1
Dahl, Fredrik August	NA	NA	 1
Arefin, S Ja	NA	NA	 1
Reuter, Fritz	NA	NA	 1
Grotenfelt, Arvi	NA	NA	 1
Malle	NA	NA	 1
Rambach, Johann Jacob	NA	NA	 1
Hacks, Johannes Caroli	1767	NA	 1
Krook, Johannes	1778	NA	 1
Huizinga, W	NA	NA	 1
Gummerus, Johannes	NA	NA	 1
Donner, Otto J:r	NA	NA	 1
Eerola, Eero	NA	NA	 1
Drummond, Henry	NA	NA	 1
Drissel, Johannes Dan	NA	NA	 1
Ollilainen, P	NA	NA	 1
Karvonen, Juhana Jaakko	NA	NA	 1
Berndtson, A	NA	NA	 1
Bengelsdorff, Gunnar H	NA	NA	 1
Aronen, Väinö	NA	NA	 1
Alcenius	NA	NA	 1
Krook, Benjamin Simonis	1675	NA	 1
Ruotanen, A R	NA	NA	 1
Löfström, Theodor	NA	NA	 1
Ljung-dahl, Mathilda	NA	NA	 1
Heurlin, Maunu Af	NA	NA	 1
Schultz, Johan Gustaf	NA	NA	 1
Tarnow, Fanny	NA	NA	 1
V	NA	NA	 1
Sesemann, Lydia	NA	NA	 1
Rousseau, Jean-jacques	NA	NA	 1
Taris, Étienne	NA	NA	 1
öhrlund, Saimi	NA	NA	 1
Gustafson, G A	NA	NA	 1
Ek, Sverker	NA	NA	 1
Polón, Edit	NA	NA	 1
Wiitanen, P R	NA	NA	 1
Jaux	NA	NA	 1
Temple, Crona	NA	NA	 1
Schaller, A	NA	NA	 1
Wetterhoff, Friedrich	NA	NA	 1
Hellman, Juho	NA	NA	 1
Andersin, Ernst Fr	NA	NA	 1
Ehrström, Eric O W	NA	NA	 1
Neovius, E R	NA	NA	 1
Junnila, Johannes Johanneksenpoika	NA	NA	 1
Kipen, A	NA	NA	 1
Hangasoja, M	NA	NA	 1
Väisälä, Vilho	NA	NA	 1
Rudini, Alba	NA	NA	 1
Parment, Jacob	NA	NA	 1
Oehlenschlaeger, Adam	NA	NA	 1
Willebrand, R F V	NA	NA	 1
Hjelt, E	NA	NA	 1
Tohtori-eno	NA	NA	 1
Boxström, A	NA	NA	 1
Aschan, Pekka	NA	NA	 1
Ståhlberg, K J	NA	NA	 1
Smedberg, F	NA	NA	 1
Helander, O J	NA	NA	 1
Kirton, J W	NA	NA	 1
Janzon, K A	NA	NA	 1
Myšlaevski, A Z	NA	NA	 1
Idman, K G	NA	NA	 1
Lakari, O J	NA	NA	 1
Reid, William	NA	NA	 1
Eichwald, E A	NA	NA	 1
Kringen, Olav	NA	NA	 1
Wirkberg, John	NA	NA	 1
Boisgelin, Louis De	NA	NA	 1
Marlitt, E	NA	NA	 1
La Sizeranne, Robert De	NA	NA	 1
Pihkala, Lauri	NA	NA	 1
Karsten, Anton	NA	NA	 1
Pilvi, E	NA	NA	 1
Cleve, Zacharias Joachim	NA	NA	 1
Stall, Sylvanus	NA	NA	 1
Grape, Johannes	NA	NA	 1
Bergström, Gertrud	NA	NA	 1
Vilho, Atle Emanuel	NA	NA	 1
Listner, Karl	NA	NA	 1
Zadek, J	NA	NA	 1
Coolidge, Susan	NA	NA	 1
Miettinen, E	NA	NA	 1
Stökl, Helene	NA	NA	 1
Juslenius, Samuel	1809	NA	 1
Putlitz, Gustav Zu	NA	NA	 1
Nuupala, Frans	NA	NA	 1
Korevo, N N	NA	NA	 1
Wilson-carmichael, Amy	NA	NA	 1
Deák, Frans	NA	NA	 1
Pyysalo, Sakari	NA	NA	 1
Durchman, Frans Wilhelm	NA	NA	 1
Mäkelä, V	NA	NA	 1
Kullervo	NA	NA	 1
Grönblad, Edward	NA	NA	 1
Merikoski, K	NA	NA	 1
Kaitila, I V	NA	NA	 1
Jelenev, F P	NA	NA	 1
Ahlman, John E	NA	NA	 1
Davis, Richard Harding	NA	NA	 1
Puttila, T	NA	NA	 1
Kyrre, Sten	NA	NA	 1
Pälsi, Sakari	NA	NA	 1
Lampinen, Niilo E	NA	NA	 1
Salmi, B	NA	NA	 1
W-ma, W	NA	NA	 1
Hagelin, Sam	NA	NA	 1
Bonar, Horatius	NA	NA	 1
Cornelius, Peter	NA	NA	 1
Fischer, Wilh	NA	NA	 1
Rahikainen, Kaarlo Juho	NA	NA	 1
Melartopaeus, Carolus	NA	NA	 1
Borgström, L H	NA	NA	 1
Carlyle, Thomas	NA	NA	 1
Knjaskoff, S A	NA	NA	 1
Vendela	NA	NA	 1
Märten, Lu	NA	NA	 1
Iser, J	NA	NA	 1
Granfelt, Hampus	NA	NA	 1
Axelson, Walter M	NA	NA	 1
Gallenga, Antonio	NA	NA	 1
Sucksdorff, V	NA	NA	 1
Solovjew, Jevgeni	NA	NA	 1
Neander, August	NA	NA	 1
Behm, Fred	NA	NA	 1
Kuusi, Aarne	NA	NA	 1
Scheveljagin, N I	NA	NA	 1
Murray, Gustaf	NA	NA	 1
Geitlin, J G	NA	NA	 1
Hast, Herman H	NA	NA	 1
Tuulensuu, K J	NA	NA	 1
Korhonen, Pekka	NA	NA	 1
Nielsen, Anton Laurids	NA	NA	 1
Carplan, Christer	NA	NA	 1
Gerle, F	NA	NA	 1
Türingh, Christophorus	NA	NA	 1
Nenonen, Wilfred	NA	NA	 1
Katawisto, M A W	NA	NA	 1
Topelius, Z	NA	NA	 1
Wägner, Sven	NA	NA	 1
Rothovius, Gudmundus Jacobi	1691	NA	 1
Scheffel, Joseph Victor Von	NA	NA	 1
Njuberg, A G	NA	NA	 1
Nordau, Max	NA	NA	 1
D	NA	NA	 1
Eklundh, Otto Henrik Wilhelm	NA	NA	 1
Müller, Henrik	NA	NA	 1
Racine, Jean	NA	NA	 1
Kallio, Hemmo	NA	NA	 1
Bruno	NA	NA	 1
Falk, Viktor Von	NA	NA	 1
Aspelund, Axel	NA	NA	 1
Haggard, H Rider	NA	NA	 1
Schoug, Carl	NA	NA	 1
Setälä, Otto	NA	NA	 1
Wehl, Theodor	NA	NA	 1
Krogius, Ali	NA	NA	 1
Bell	NA	NA	 1
Stanley, Henry M	NA	NA	 1
Grauenhorst, Erna	NA	NA	 1
Schönaich-carölath, Emil Von	NA	NA	 1
O'hare, Kate Richards	NA	NA	 1
Relander, O	NA	NA	 1
Aulanko, Harras Henrik	NA	NA	 1
Viita, K	NA	NA	 1
Macaulay, Thomas Babington	NA	NA	 1
Pehkonen, Otto P	NA	NA	 1
Heinroth, Joh Christian Aug	NA	NA	 1
Richter, F E	NA	NA	 1
Sohlberg, Herman Fredrik	NA	NA	 1
Langhans, Christian	NA	NA	 1
Buch, Kurt	NA	NA	 1
Hietalahti, Uuno	NA	NA	 1
Orlow, N F	NA	NA	 1
Stagnelius, Erik Johan	NA	NA	 1
Marx, Karl	NA	NA	 1
Jensen, Johannes V	NA	NA	 1
Kangasvuo, Johannes	NA	NA	 1
Palitsin, Sergei	NA	NA	 1
Jääskeläinen, K	NA	NA	 1
Cajanus, Johannes Erici	NA	NA	 1
Kuusisto, A W	NA	NA	 1
Europæus, Anders Theodor	NA	NA	 1
Therman, Einar	NA	NA	 1
Oppenheim, W	NA	NA	 1
Jauhiainen, K R	NA	NA	 1
Hauvonen, Nikodemus	NA	NA	 1
Smidt, Gerhard	NA	NA	 1
Corneille, Pierre	NA	NA	 1
Gartz, W	NA	NA	 1
König, Ewald A	NA	NA	 1
Alan, Henric Michelsson	NA	NA	 1
Gallius, Stephanus	1647	NA	 1
Puaux, René	NA	NA	 1
Nordman, Henricus Henrici	NA	NA	 1
Niemann, Walter	NA	NA	 1
Koponen, Alb	NA	NA	 1
Becker, August E	NA	NA	 1
Kitchin, Thomas	NA	NA	 1
Fryxell, Anders	NA	NA	 1
Rasmussen, Hans	NA	NA	 1
Lännenpää, A	NA	NA	 1
Higinbotham, Harlow N	NA	NA	 1
Gärtner, Georg	NA	NA	 1
Hildén, Konr	NA	NA	 1
Pathfinder	NA	NA	 1
Collan, Anna	NA	NA	 1
Sallmén, Adam Hjalmar	NA	NA	 1
Tegengren, F R	NA	NA	 1
Jalkanen, Hilma	NA	NA	 1
Cuyler, Theodore L	NA	NA	 1
Raunio, Abel Fabian	NA	NA	 1
Venerbom, Olaus	NA	NA	 1
Kolehmainen, L P	NA	NA	 1
Wivolin, C G	NA	NA	 1
Salokannel, H	NA	NA	 1
Lessing, Gotthold Ephraim	NA	NA	 1
Lindholm, K	NA	NA	 1
Valk, Gerardo	NA	NA	 1
Collinson, Joseph	NA	NA	 1
Reid, Mayne	NA	NA	 1
Bouchot, Jean	NA	NA	 1
A-ï-a	NA	NA	 1
Langmann, Philipp	NA	NA	 1
Pallin, Johan Rudolf	NA	NA	 1
Heikel, A V	NA	NA	 1
Erckmann, Émile	NA	NA	 1
Durckman, N	NA	NA	 1
Alfthan, A V	NA	NA	 1
Jääskeläinen, Kaapro	NA	NA	 1
Liakka, Niilo	NA	NA	 1
Savolin, Emil J	NA	NA	 1
-el-el-	NA	NA	 1
Franklin, Benjamin	NA	NA	 1
Schaefer, Carl	NA	NA	 1
Honkala, K F	NA	NA	 1
Cleve, Otto Henrik	NA	NA	 1
Flygare, John	NA	NA	 1
Piispanen, Natalia	NA	NA	 1
Numelin, Ragnar	NA	NA	 1
Lagerhamn, Carl Magnus	NA	NA	 1
Kantele, Wäinö Vilhelm	NA	NA	 1
Smirnov, M N	NA	NA	 1
åberg, Laurentius	NA	NA	 1
Karlsson, K J	NA	NA	 1
Montgomery, Gustaf	NA	NA	 1
Zilliacus, Victor	NA	NA	 1
Videmark, Paul G	NA	NA	 1
Ridge, John James Jaakko	NA	NA	 1
S-n, L	NA	NA	 1
Lönnroth, Alfons	NA	NA	 1
Wrede, Mathilda	NA	NA	 1
Larsson, L	NA	NA	 1
Korolenko, Vladimir	NA	NA	 1
H-a, A	NA	NA	 1
Ikalensis, Abrahamus	1675	NA	 1
Aulanko, Heino	NA	NA	 1
Schweitzer, Ph	NA	NA	 1
Lindström, G I	NA	NA	 1
Lindqvist, Victor	NA	NA	 1
Gottberg, Gunnar	NA	NA	 1
Brengle, Samuel Logan	NA	NA	 1
Gezelius, Johan	NA	NA	 1
Ahlqvist, Viktor	NA	NA	 1
Büttner, Heinrich	NA	NA	 1
Grieve, Ed B	NA	NA	 1
Merivuori, Alpo	NA	NA	 1
Flodin, Karl	NA	NA	 1
Kothen, Axel Von	NA	NA	 1
Fogelholm, R	NA	NA	 1
Engeström, Fredrik Von	NA	NA	 1
Mendelin, Irene	NA	NA	 1
Stephanius, Stephanus Johannis	1650	NA	 1
Zwilgmeyer, Dikken	NA	NA	 1
Landell, Erik	NA	NA	 1
Rostedt, R	NA	NA	 1
Hildén, K Aug	NA	NA	 1
Ekholm, Evert	NA	NA	 1
Teräksinen, August	NA	NA	 1
Molin, Laurentius	NA	NA	 1
Achtander, Simon Bartholli	NA	NA	 1
Minkkinen, Aapel	NA	NA	 1
Koponen, J S W	NA	NA	 1
Lind, Anders Persson	1730	NA	 1
Boldt, Georg	NA	NA	 1
Kronström, Halfdan	NA	NA	 1
Kunelius, Kaarlo	NA	NA	 1
Sellergren, Peter Lorentz	NA	NA	 1
Borg, Väinö	NA	NA	 1
Lidenius, Petrus Svenonis	NA	NA	 1
Ambrosius, Mauritius	NA	NA	 1
Hellström, F E	NA	NA	 1
Terserus, Elaus P	NA	NA	 1
Hellström, Rafael H	NA	NA	 1
Salosaari, Olavi	NA	NA	 1
Seydlitz, Fr Von	NA	NA	 1
Porter, Eleanor H	NA	NA	 1
Beckman, Nat	NA	NA	 1
Gyldén, Klas Hjalmar	NA	NA	 1
Suonio, Aino	NA	NA	 1
Hackman, Oskar	NA	NA	 1
Teräs, Kyösti	NA	NA	 1
Fatima	NA	NA	 1
Duhem, P	NA	NA	 1
Ruokosalmi, A	NA	NA	 1
Leonard, Chas S	NA	NA	 1
Brun, Anundus Christophori	NA	NA	 1
Gunter, Archibald Clavering	NA	NA	 1
åkerblom, J F	NA	NA	 1
Gilbert, W S	NA	NA	 1
Ussing, Henry	NA	NA	 1
Paronen, Matti	NA	NA	 1
g	1770	NA	 1
Rinman, Joh	NA	NA	 1
Marcy, Mary E	NA	NA	 1
Meyer, Xx	NA	NA	 1
Markkula, Auli	NA	NA	 1
Palojärvi, Lauri J	NA	NA	 1
Lönnqvist, Bernt	NA	NA	 1
Lönnberg, åke	NA	NA	 1
Mäkeläinen, Aug	NA	NA	 1
Strandvik, Gigge	NA	NA	 1
Turunen, W	NA	NA	 1
Ebers, Georg	NA	NA	 1
Jakobsson, Jarl	NA	NA	 1
Petts, Kalle	NA	NA	 1
Lehtinen, Juho	NA	NA	 1
Laestadius, Petrus	NA	NA	 1
Byman, L L	NA	NA	 1
Unger, A W	NA	NA	 1
Killinen, Tilta Josefina	NA	NA	 1
Mühlbach, Louise	NA	NA	 1
Wirtanen, Frans O	NA	NA	 1
Von Schoultz, Gösta	NA	NA	 1
Siltala Silfvenius, A J	NA	NA	 1
Ristelius, Petrus	1695	NA	 1
Orla-jensen, S	NA	NA	 1
Duveyrier, Anne Honoré Joseph	NA	NA	 1
Suttner, G Von	NA	NA	 1
Born, Viktor Magnus Von	NA	NA	 1
Nordenstreng, Sigurd	NA	NA	 1
Enckell, Karl	NA	NA	 1
Lesch, Thure	NA	NA	 1
Dahlman, Sveno Jonae	1717	NA	 1
Wikström, Sigrid	NA	NA	 1
Schwab, Gustav	NA	NA	 1
Darrow, Clarence S	NA	NA	 1
Fischlin, Ludwig Melchior	NA	NA	 1
Järnefelt, John	NA	NA	 1
Foerster, Fr W	NA	NA	 1
Engelqvist, Oskar	NA	NA	 1
Sakarinpoika, Sakari	NA	NA	 1
Kallio, V J	NA	NA	 1
Marteilhe, Jean	NA	NA	 1
Petander, A H	NA	NA	 1
Christianson, Edwin	NA	NA	 1
Hietakari, Eero	NA	NA	 1
Leinonen, Aleksander	NA	NA	 1
Petersen, Fredrik	NA	NA	 1
Floderus, Manfred Mustafa	NA	NA	 1
Nauckhoff, Xx	NA	NA	 1
Winning, August	NA	NA	 1
Riihiaho, Emil	NA	NA	 1
Stoker, Bram	NA	NA	 1
Uoti, Johannes	NA	NA	 1
Virta, Kyösti	NA	NA	 1
Witting, Rolf	NA	NA	 1
Heistä, Yksi	NA	NA	 1
Ranta, Raiju	NA	NA	 1
Schuré, Édouard	NA	NA	 1
Allén, Carl	NA	NA	 1
Flachsenius, Johannes Petrus Johannis	1732	NA	 1
Tuuri, Gabriel	NA	NA	 1
Sjöblom, Frida	NA	NA	 1
Bredow, Gottfried Gabriel	NA	NA	 1
Krook, Nicolaus Benjamini	1711	NA	 1
Tavast, Kaarlo	NA	NA	 1
Kaartotie, Juho	NA	NA	 1
Palomaa, Veikko	NA	NA	 1
Pero, Paavo	NA	NA	 1
Ecker, Alexander	NA	NA	 1
Kihlgren, Edit	NA	NA	 1
Huovila, Anton	NA	NA	 1
Sundén, Daniel Anton	NA	NA	 1
Hohti, Tuomas	NA	NA	 1
Tammelin, Nicolaus Laurentii	1741	NA	 1
Sten, Daniel	NA	NA	 1
Elovaara, J L	NA	NA	 1
Forslund, Karl-erik	NA	NA	 1
Genetz, Hilma	NA	NA	 1
Sääf, Knut	NA	NA	 1
Salava, A	NA	NA	 1
Wartenberg, Walter	NA	NA	 1
Petersén, F	NA	NA	 1
Tšehov, Anton	NA	NA	 1
Ainio	NA	NA	 1
Alm, Gustav	NA	NA	 1
Bonnevie, Sofie	NA	NA	 1
Parr, August	NA	NA	 1
Wolff, Eugen	NA	NA	 1
Reaney, G S	NA	NA	 1
Hopkins, Ellice	NA	NA	 1
Ahlström, Bertel	NA	NA	 1
Immonen, Lauri	NA	NA	 1
Castrén, K A	NA	NA	 1
Svanljung, J Kr	NA	NA	 1
Stadius, Julia	NA	NA	 1
Lassila, Eero	NA	NA	 1
Pissemsky, A Th	NA	NA	 1
Bergström, Anna	NA	NA	 1
Lundblad, Johan Fredrik Af	NA	NA	 1
Gronovius, Johannes Frederici	NA	NA	 1
Nycopensis, Joachimus Nicolai	1671	NA	 1
Frosterus, Sigurd	NA	NA	 1
Leroy-beaulieu, Pierre Paul	NA	NA	 1
Beckman, Johannes Caroli	1745	NA	 1
Gripenberg, Odert Johan	NA	NA	 1
Uhrström, Vilhelm	NA	NA	 1
Nordlund, Eemili E	NA	NA	 1
Anderson, Amos	NA	NA	 1
Möller, Carl A	NA	NA	 1
Rekonen, Aatu	NA	NA	 1
Gessner, Salomon	NA	NA	 1
Andelin, Alex	NA	NA	 1
Lavrentjeva, S I	NA	NA	 1
Livius, Titus	NA	NA	 1
Düben, Gustaf Von	NA	NA	 1
Šiškov, A S	NA	NA	 1
Russobtovski, M	NA	NA	 1
Sillén, Johan Georg Av	NA	NA	 1
Kuprin, A I	NA	NA	 1
Weckman, Wald	NA	NA	 1
Hyvönen, M	NA	NA	 1
Hellén, Alina	NA	NA	 1
Ljadov, M	NA	NA	 1
Homén, Arne	NA	NA	 1
Fristedt, Johan Conrad August	NA	NA	 1
Salonius, A H	NA	NA	 1
Donovan, Dick	NA	NA	 1
Spyri, Johanna	NA	NA	 1
Aaltonen, V W	NA	NA	 1
Pietiläinen, Joh Ev	NA	NA	 1
Crewdson, Charles N	NA	NA	 1
Hodder, Edwin	NA	NA	 1
Gunnarsson, Gunnar	NA	NA	 1
Bonsdorff, A	NA	NA	 1
Hedenstierna, Karl Josef Alfred	NA	NA	 1
Gripenberg, Bertel	NA	NA	 1
Hondius, Henricus	NA	NA	 1
Listo, A	NA	NA	 1
Voss-schrader, A	NA	NA	 1
Haanpää, Vilho	NA	NA	 1
Broken, Justinus Henriksson Von	1670	NA	 1
Topelius, Guy	NA	NA	 1
Ekelund, Jakob	NA	NA	 1
Vihlman, Ivar	NA	NA	 1
Castrén, Gunnar	NA	NA	 1
Mairet, Jeanne	NA	NA	 1
Andersin, Hanna	NA	NA	 1
Saphir, Adolf	NA	NA	 1
Havo, Tuomas	NA	NA	 1
Palander, Hugo	NA	NA	 1
Lytton, Neville	NA	NA	 1
Atra, Kaarlo	NA	NA	 1
Widgren, H	NA	NA	 1
Norman, Henry	NA	NA	 1
Malmberg, Wilhelm	NA	NA	 1
Donner, Anders	NA	NA	 1
Lagerlöf, Selma	NA	NA	 1
Hasselgreen, Elias Petri	NA	NA	 1
Janson, Kristofer	NA	NA	 1
Herczeg, Ferenc	NA	NA	 1
Laurila, J K	NA	NA	 1
Adlercreutz, Henrik Tomas	NA	NA	 1
Tigerstedt, E S	NA	NA	 1
Floman, Wilhelm	NA	NA	 1
Fröding, Gustaf	NA	NA	 1
Swanström, Johannes	1707	NA	 1
Valmari, Johannes	NA	NA	 1
Hernberg, A	NA	NA	 1
Slotte, Alex	NA	NA	 1
Uggla, G A	NA	NA	 1
Sandeberg, Jane Af	NA	NA	 1
Blom, Berndt	NA	NA	 1
Berlepsch, Hans Von	NA	NA	 1
Bendixen, Niels	NA	NA	 1
Korpi, John	NA	NA	 1
Bishop, T B	NA	NA	 1
Roquette, Otto	NA	NA	 1
Dumoulin, Pierre	NA	NA	 1
Wildt, Johan	NA	NA	 1
Dreijer, Tord	NA	NA	 1
Schmeil, Otto	NA	NA	 1
Pedischeff	NA	NA	 1
Seippel, Paul	NA	NA	 1
Westerlund, Walmis	NA	NA	 1
Otter, William	NA	NA	 1
Sandelin, A E	NA	NA	 1
Hemgren, Karl	NA	NA	 1
Pressensé, E De	NA	NA	 1
Sohlman, S A	NA	NA	 1
Järveläinen, O	NA	NA	 1
Aartovaara, Gust A	NA	NA	 1
Carlsson, Carl	NA	NA	 1
Putkonen, Matthias	NA	NA	 1
Habbaeus Von Lichtenstern, Christopher	NA	NA	 1
Knudsen-hjortö, Knud	NA	NA	 1
Numers, Gunnar Von	NA	NA	 1
Scheller, Johann Gerhard	NA	NA	 1
Keihänen, Axel	NA	NA	 1
Fraae, Ingrid	NA	NA	 1
Trendies, Otto	NA	NA	 1
Bernières-louvigny, Jean De	NA	NA	 1
Sippola, W:m	NA	NA	 1
Sundqvist, John	NA	NA	 1
Harmaja, Hilja	NA	NA	 1
Garshin, Wsevolod	NA	NA	 1
Medin, O	NA	NA	 1
Lungsotist	NA	NA	 1
Lucas	NA	NA	 1
Macé, Gustave	NA	NA	 1
Mertens, Jules	NA	NA	 1
Melander, Petrus	NA	NA	 1
Grunér, Arthur	NA	NA	 1
Löfvenskiöld, A H	NA	NA	 1
Collan, K J M	NA	NA	 1
Wilbrandt, A	NA	NA	 1
Tilenius, Samuel Petri	1683	NA	 1
Viitanen, F O	NA	NA	 1
Pätiälä, Fredrik Joel	NA	NA	 1
Varteva, Kaarle	NA	NA	 1
Spielhagen, Friedrich	NA	NA	 1
Hinkula, Matti	NA	NA	 1
Alexander, Mrs	NA	NA	 1
Paananen, Henni	NA	NA	 1
Lindforss, C M	NA	NA	 1
Lavrentjev, K V	NA	NA	 1
Fager, Paul	NA	NA	 1
Géte, A E	NA	NA	 1
Cederholm Von Schmalenseés, Daniel Casper	NA	NA	 1
Brummer, K Uno	NA	NA	 1
Hannikainen, K O G	NA	NA	 1
Arola, Taavi	NA	NA	 1
Mylius, Georgius	NA	NA	 1
Richter, Theodor Friedrich Max	NA	NA	 1
Lagus, Gabriel Johannis	NA	NA	 1
Kolster, Rud	NA	NA	 1
Ransome, Arthur	NA	NA	 1
Strömborg, S	NA	NA	 1
Petrelius, A	NA	NA	 1
Rietschel, Georg	NA	NA	 1
Sturm, Christoph Christian	NA	NA	 1
Wasastjerna, Lars	NA	NA	 1
Sirenius, Daniel Sigfridi	1721	NA	 1
Aereboe, H S	NA	NA	 1
Malm, E A	NA	NA	 1
Favén, Anders Emil	NA	NA	 1
Riverton, Stein	NA	NA	 1
Lermontov, Mihail	NA	NA	 1
Murray, Adolphus	NA	NA	 1
Eurén, I	NA	NA	 1
Görlitz, Carl	NA	NA	 1
Sirén, Kaarle	NA	NA	 1
Mott, John R	NA	NA	 1
Bang, Herman	NA	NA	 1
Holmberg, G O	NA	NA	 1
Vallerius, Haraldus	NA	NA	 1
Isaksen, J N	NA	NA	 1
Westerlund, A	NA	NA	 1
Kiianlinna, Akseli Konrad	NA	NA	 1
Lind, Gustaf	NA	NA	 1
åkerblom, Rudolf	NA	NA	 1
Koponen, Edvard	NA	NA	 1
Korhonen, Kaarlo	NA	NA	 1
Sandell, Lina	NA	NA	 1
Salzmann, Christian Gotthilf	NA	NA	 1
Lagerborg, Robert	NA	NA	 1
Polén, Jenny	NA	NA	 1
Suolahti, Gunnar	NA	NA	 1
Müller, F Max	NA	NA	 1
Kojonen, Rope	NA	NA	 1
Reijonen, Erkki	NA	NA	 1
Arrenberg, Reinier	NA	NA	 1
Ingram, Eleanor M	NA	NA	 1
Kytömaa, Kaarlo	NA	NA	 1
Sjöström, Elin	NA	NA	 1
Artti, Pontus	NA	NA	 1
Murray, Andrew	NA	NA	 1
Bäck, A J	NA	NA	 1
Nyberg, B	NA	NA	 1
Kolmodin, Johannes	NA	NA	 1
Lillqvist, Otto	NA	NA	 1
Dodel, A	NA	NA	 1
Hammerich, Frederik	NA	NA	 1
Kalakangas, J	NA	NA	 1
H-i, A	NA	NA	 1
Routala, Oskari	NA	NA	 1
Beskow, Bernhard Von	NA	NA	 1
Baxter, Richard	NA	NA	 1
Kiälman, Johannes Laurentii	NA	NA	 1
Ibsen, Henrik	NA	NA	 1
Salonen, Hugo T	NA	NA	 1
Fieandt, Einar	NA	NA	 1
Strukel, M	NA	NA	 1
Erastow, Georg	NA	NA	 1
Waerland, Are	NA	NA	 1
Högman, August	NA	NA	 1
Mollin, Jonas	1734	NA	 1
Thesleff, Ellen	NA	NA	 1
Quirsfeld, Johann	NA	NA	 1
Suru	NA	NA	 1
Valbäck, F J	NA	NA	 1
Kockström, V R	NA	NA	 1
Brandt, Otto	NA	NA	 1
Airila, Eero	NA	NA	 1
Asp, Jaakko	NA	NA	 1
Johnson, Mik	NA	NA	 1
Raumannus, Paulus Simonis	1682	NA	 1
Miesmaa, J W	NA	NA	 1
Chydenius, K U	NA	NA	 1
Ottelin, Aino	NA	NA	 1
Granfelt, George Fredrik	NA	NA	 1
Almqvist, Aksel Leander	NA	NA	 1
Sparre, Pehr	NA	NA	 1
Lindqvist, Aleksander	NA	NA	 1
Vesterdahl, Verneri	NA	NA	 1
Olander, K M	NA	NA	 1
Ramus, Jonas	NA	NA	 1
Manner, Viktor	NA	NA	 1
Andelin, Anders	NA	NA	 1
Defoe, Daniel	NA	NA	 1
Untermann, Ernest	NA	NA	 1
Weyerstall, Otto	NA	NA	 1
Pimiä, J A	NA	NA	 1
Kemner, Heinricus Martini	1638	NA	 1
Nordenskiöld, Erik	NA	NA	 1
Virtanen, Väinö	NA	NA	 1
Niinivaara, Verneri	NA	NA	 1
Bladh, C E	NA	NA	 1
Hahr, Anders Wilhelm Theodor	NA	NA	 1
Hannikainen, P J	NA	NA	 1
Schultze, Viktor	NA	NA	 1
Forsblom, A	NA	NA	 1
Seilerus, Joachimus	1616	NA	 1
Stratton-porter, Gene	NA	NA	 1
Ihamuotila, A A	NA	NA	 1
Habermann, Wilhelm	NA	NA	 1
Elisabeth	NA	NA	 1
Pennanen, Aliina	NA	NA	 1
Wiedig, Wilh	NA	NA	 1
Risswandt, Johan Elias	NA	NA	 1
Lyra, Alexander Wilhelm	NA	NA	 1
Kastman, Carl	NA	NA	 1
Lbg, H	NA	NA	 1
Young, Ernest	NA	NA	 1
Valle, K J	NA	NA	 1
Cooper, James Fenimore	NA	NA	 1
Gummerus, Herman	NA	NA	 1
Andrejeff, Leonid	NA	NA	 1
Ljunggren, Carl Johan	NA	NA	 1
Staël Von Holstein, Lage	NA	NA	 1
Hougberg, Verner	NA	NA	 1
Haataja, K	NA	NA	 1
Guyot, Yves	NA	NA	 1
Sonck, Lars	NA	NA	 1
Beer, Ch	NA	NA	 1
Hidén, Gust A	NA	NA	 1
Stenholm, Alex	NA	NA	 1
Nietschmann, H	NA	NA	 1
Peterson, C F	NA	NA	 1
Pärssinen, Jaakko	NA	NA	 1
Järvinen, K K	NA	NA	 1
Herodinow, A	NA	NA	 1
Smith, Stephen	NA	NA	 1
Mahn, J H F	NA	NA	 1
Boehm, Emil	NA	NA	 1
Selander, Adèle	NA	NA	 1
Ronai, Armin	NA	NA	 1
Holmberg, Werner	NA	NA	 1
Nissinen, Tatu	NA	NA	 1
Malin, Artur	NA	NA	 1
Rantakari, K N	NA	NA	 1
Axelson, Väinö	NA	NA	 1
Auerbach, Berthold	NA	NA	 1
Ekenstam, Carl	NA	NA	 1
Pelkonen, Armas Lauri Kustaa	NA	NA	 1
Vakaa, Gustaf Adolf	NA	NA	 1
Brander, Uuno	NA	NA	 1
Kallio, Topi	NA	NA	 1
Hildén, Henrik	NA	NA	 1
Nyman, Severi	NA	NA	 1
Lennart, Väinö	NA	NA	 1
Wiklund, C L	NA	NA	 1
Sorsa, Hilda	NA	NA	 1
Geissler, Moritz	NA	NA	 1
Watson, Karl Friedrich	NA	NA	 1
Jacobsen, E	NA	NA	 1
Lindh, O	NA	NA	 1
Leino, Gustaf Edvard	NA	NA	 1
Heikel, Rosina	NA	NA	 1
Nicandor	NA	NA	 1
Löthman, Tilda	NA	NA	 1
Feuillet, Octave	NA	NA	 1
Stead, William T	NA	NA	 1
Svedelius, Wilhelm Erik	NA	NA	 1
Kastman, Karl	NA	NA	 1
Feuerbach, Ludwig	NA	NA	 1
Hamnerin, Nils	NA	NA	 1
Keinänen, S A	NA	NA	 1
Linde, Sven	NA	NA	 1
Klaveness, Thv	NA	NA	 1
Gray, Helen	NA	NA	 1
Anthoni, Armas	NA	NA	 1
Wecksell, Josef Julius	NA	NA	 1
Smirnow, Petr	NA	NA	 1
Pulkkinen, Paavo	1842	NA	 1
Grimsteen, Jonas Simonis	1717	NA	 1
Fieandt, Karl	NA	NA	 1
Auer, Axel	NA	NA	 1
Myrberg, P J	NA	NA	 1
Hedenström-welin, Agnes	NA	NA	 1
Spiegel, Von Und Zu Peckelsheim	NA	NA	 1
Ranke, Johan Friedrich	NA	NA	 1
Lewis, David	NA	NA	 1
A-r, W	NA	NA	 1
Kario	NA	NA	 1
Smith, Hannah Whitall	NA	NA	 1
Lindqvist, Carl Adolf	NA	NA	 1
Ljungström, Fredrik	NA	NA	 1
Wahl, Walter	NA	NA	 1
Otto, C A	NA	NA	 1
Centnerszwer, M	NA	NA	 1
Dietzgen, J	NA	NA	 1
Maeterlinck, Maurice	NA	NA	 1
Snellman, K	NA	NA	 1
Lundström, Anna	NA	NA	 1
Drachmann, Holger	NA	NA	 1
Helander, A	NA	NA	 1
Saarinen, Taavi Aleksanteri	NA	NA	 1
Petterson, Gustaf	NA	NA	 1
Renfors, Eskil	NA	NA	 1
Hilli, Fritiof	NA	NA	 1
Foy, Mathilda	NA	NA	 1
Cederberg, Johan Petter	NA	NA	 1
Rikala, Kalle	NA	NA	 1
Granfelt, Alice	NA	NA	 1
Tegengren, Jacob	NA	NA	 1
öhquist, A	NA	NA	 1
Konow, Evert Von	NA	NA	 1
Hebbel, Friedrich	NA	NA	 1
Rosenqvist, Oskar	NA	NA	 1
Carlander, Johannes Henrici	1688	NA	 1
Wuorinen, Johan	NA	NA	 1
Meinander, K K	NA	NA	 1
Bredenberg, G A	NA	NA	 1
Le Seur, Paul	NA	NA	 1
Monod, Th	NA	NA	 1
Federley, C B	NA	NA	 1
Saraoja, Emil	NA	NA	 1
Laghe, Magnus Magni	1697	NA	 1
E-d	NA	NA	 1
Hartman, Torsten	NA	NA	 1
Morus, Samuel Friedrich Nathanael	NA	NA	 1
Cammarano, Salvadore	NA	NA	 1
Kronman, A	NA	NA	 1
Wegener, Hans	NA	NA	 1
Fieandt, Nanna V	NA	NA	 1
Fraser, Otto	NA	NA	 1
Willebrand, R F Von	NA	NA	 1
Voltaire	NA	NA	 1
Kivialho, Akseli	NA	NA	 1
Olsson-seffer, Pehr	NA	NA	 1
Rautell, Frans Anders	NA	NA	 1
Filén, S J	NA	NA	 1
Stenius, Carl Evert	NA	NA	 1
Reuter, Ossian	NA	NA	 1
Hedberg, John	NA	NA	 1
Heikel, J A	NA	NA	 1
Stenroth, Fanny	NA	NA	 1
Hornstedt, C F	NA	NA	 1
Suŝtŝinski, P P	NA	NA	 1
Lappala, R	NA	NA	 1
Nyholm, C V	NA	NA	 1
Hernberg, Rob	NA	NA	 1
Homén, E A	NA	NA	 1
Kallio, K K	NA	NA	 1
Pihlström, E F	NA	NA	 1
Carducci, Giosuè	NA	NA	 1
Solthovius, Johannes Erici	NA	NA	 1
Ehrnrooth, Georg	NA	NA	 1
Svenander, Isaacus Johannis	1663	NA	 1
Danvers, Milton	NA	NA	 1
Neuhaus, Johannes	NA	NA	 1
Lindén, Aleksander	NA	NA	 1
Kihlman, Alfred Oswald	NA	NA	 1
ålund, Otto Wilhelm	NA	NA	 1
Therman, Uno	NA	NA	 1
Marck, Mary	NA	NA	 1
Edlund, Erik Oskar	NA	NA	 1
Petterson, Väinö	NA	NA	 1
Ulstadius, Andreas Andreae	1667	NA	 1
Lindfors, Jenny	NA	NA	 1
Heinricius, Andreas Andreae	1729	NA	 1
Schalin, E Arnold	NA	NA	 1
Lappala, Risto	NA	NA	 1
Bernard, Tristan	NA	NA	 1
Heikel, Ivar A	NA	NA	 1
Forstner, Günther Georg Von	NA	NA	 1
Sonck, Knut Emil	NA	NA	 1
Taipale, A E	NA	NA	 1
Gagbeur, Bernhard	NA	NA	 1
Suomalainen, E W	NA	NA	 1
Nyholm, Abel	1845	NA	 1
Hamilton, James	NA	NA	 1
Andrell, Gustavus	NA	NA	 1
Furchtenicht, Joachim	NA	NA	 1
Flachsenius, Olaus Johannis	NA	NA	 1
Forstén, Torsten	NA	NA	 1
Jalanne, Juhani	NA	NA	 1
Kallio, O A	NA	NA	 1
Amirchanjanz, Abraham	NA	NA	 1
F	NA	NA	 1
Baranoffski, S I	NA	NA	 1
Roos, Emil	NA	NA	 1
Warelius, Petrus Haquini	1671	NA	 1
Engman, E	NA	NA	 1
Hocking, Joseph	NA	NA	 1
Borenius, Aksel	NA	NA	 1
Hermann, August	NA	NA	 1
Jensen, Gustav	NA	NA	 1
Jernvall, Janne	NA	NA	 1
Oliphant	NA	NA	 1
Bonsdorff, Karl Richard	NA	NA	 1
Mäki, Matti E	NA	NA	 1
Schubarth, Tobias	NA	NA	 1
Grimm, Jacob	NA	NA	 1
Hammar, Nicolaus Matthiae	1690	NA	 1
Tallqvist, T W	NA	NA	 1
Weiss, Th	NA	NA	 1
Cutting, Mary Stewart	NA	NA	 1
Lilius, Albert	NA	NA	 1
Plantin, Olof	NA	NA	 1
Sparrman, Johannes Erici	NA	NA	 1
Blomberg, K E	NA	NA	 1
Modeen, Hjalmar	NA	NA	 1
Saint-pierre, Bernardin De	NA	NA	 1
Alfthan, Otto Ludvig Von	NA	NA	 1
Sjöblom, Ulrik	NA	NA	 1
Siggonius, Laurentius	1694	NA	 1
Hallio, Kustaa	NA	NA	 1
Schott, Hr	NA	NA	 1
Gestrin, E Th	NA	NA	 1
Dal, Nicolaus	NA	NA	 1
Sundman, Gösta	NA	NA	 1
Burjam, F	NA	NA	 1
Messaroš, P I	NA	NA	 1
Hacks, Gustavus Petri	1717	NA	 1
Rosenqvist, Axel	NA	NA	 1
Backmann, Lars Henrik	1755	NA	 1
Macleod, Fiona	NA	NA	 1
Frommel, Otto	NA	NA	 1
Sjöström, W	NA	NA	 1
Kurtz, Johann Heinrich	NA	NA	 1
Brummer, Uno	NA	NA	 1
Weibull, Walter	NA	NA	 1
Wesala, Kaarlo	NA	NA	 1
Flodman, Anders	NA	NA	 1
Rosny, Léon De	NA	NA	 1
Mecklin, Juhani Nikolai	NA	NA	 1
Salin, Samuel	NA	NA	 1
Grönhagen, K B	NA	NA	 1
Eichorn	NA	NA	 1
Gontšarov, I A	NA	NA	 1
Lindh, E A	NA	NA	 1
Silla	NA	NA	 1
Holm, Samuel	NA	NA	 1
Airas, Väinö	NA	NA	 1
Laine, Oskari	NA	NA	 1
Fort, Paul	NA	NA	 1
Simolin, Albin	NA	NA	 1
I	NA	NA	 1
Békés, Aladar	NA	NA	 1
Hirn, David Fredrik	NA	NA	 1
Emeleus, E V	NA	NA	 1
Hjelt, Otto Jonatan	NA	NA	 1
Voipio, Aarni	NA	NA	 1
Prätorius, Stefan	NA	NA	 1
Harvala, Perttu	NA	NA	 1
Rautakoski, A E	NA	NA	 1
Vento	NA	NA	 1
Seppälä, Maiju	NA	NA	 1
Allman, James	NA	NA	 1
Pikkarainen, A	NA	NA	 1
Texas, Jack	NA	NA	 1
Jokinen, Hofrat T E	NA	NA	 1
Högberg, Olof	NA	NA	 1
Schubert, Friedrich Wilhelm Von	NA	NA	 1
Prével, Jules	NA	NA	 1
Ekendahl, Johannes	NA	NA	 1
Steinberger, G	NA	NA	 1
Löffler	NA	NA	 1
Marden, Orison Swett	NA	NA	 1
Björnsson, Rudolf	NA	NA	 1
Järvi, Hanna	NA	NA	 1
Bånge, Carl	NA	NA	 1
Bergen, Carl Von	NA	NA	 1
Westrin, L H	NA	NA	 1
Loti, Pierre	NA	NA	 1
Rosen, Julius	NA	NA	 1
Brotherus, Sven	NA	NA	 1
Kaila, Lauri G G	NA	NA	 1
Kivilinna, Olli	NA	NA	 1
Tornaeus, Jonas	1715	NA	 1
Gadolin, A W	NA	NA	 1
Byman, Walter	NA	NA	 1
Galanin, M	NA	NA	 1
Kivikoski, J F	NA	NA	 1
Hjelmqvist, Theodor	NA	NA	 1
Consett, Matthew	NA	NA	 1
Kallenberg, Otto	NA	NA	 1
Tarvas, Toivo	NA	NA	 1
Moberg, Nenne	NA	NA	 1
Räsänen, Andreas	NA	NA	 1
De Pont, Fanny	NA	NA	 1
Haveman, Georg Henriksson	1717	NA	 1
Pentti, S J	NA	NA	 1
L	NA	NA	 1
Tärnström, Christoph	NA	NA	 1
Haartman, Anders Gabrielsson	NA	NA	 1
Häyrén, Ernst	NA	NA	 1
Gröndahl, Herman	NA	NA	 1
Waaramäki, Sigrid	NA	NA	 1
R-nen, A	NA	NA	 1
Sanio, C	NA	NA	 1
Strömborg, J	NA	NA	 1
Rancken, Einar	NA	NA	 1
Mauritius, Ambrosius	NA	NA	 1
Cavonius, Einar	NA	NA	 1
Kärnä, Walter	NA	NA	 1
Wilén, Agda	NA	NA	 1
Grönmark, G E	NA	NA	 1
Sergeeff, G	NA	NA	 1
Molin, Charlotta	NA	NA	 1
Graves, Armgaard Karl	NA	NA	 1
Hannikainen, P W	NA	NA	 1
Galitzin, D	NA	NA	 1
Savonius, Michael Johannis	NA	NA	 1
Idman, Gösta	NA	NA	 1
Möller, Christian	NA	NA	 1
Fontell, A G	NA	NA	 1
Martin, Roland	NA	NA	 1
Jahnsson, E F	NA	NA	 1
Wothe, Anny	NA	NA	 1
Aalto, Fredrik	NA	NA	 1
Schildt, Runar	NA	NA	 1
Sanson, Nicolas	NA	NA	 1
Paunu, U	NA	NA	 1
Blomroos, Edvard Engelbert	NA	NA	 1
Molière	NA	NA	 1
Forselles, Axel Af	NA	NA	 1
Audoux, Marguerite	NA	NA	 1
Huhn, August Ferdinand	NA	NA	 1
Lithén, Carl A E	NA	NA	 1
Kairamo, Hugo	NA	NA	 1
Carlsén-hartman, Cé́lia	NA	NA	 1
Candolin, Einar	NA	NA	 1
Reade, Arthur	NA	NA	 1
Donatus, Aelius	 300	NA	 1
Södermark, Andreas	NA	NA	 1
Hakkarainen, A	NA	NA	 1
P-n, V	NA	NA	 1
Wrede, K A	NA	NA	 1
Stinde, Julius Ernst Wilhelm	NA	NA	 1
Bremer, Uno Otto	NA	NA	 1
Pihlman, Herman	NA	NA	 1
Tokoi, Oskari	NA	NA	 1
Schvindt, V	NA	NA	 1
Gebauer, Anders Ludvig	NA	NA	 1
Verhovskij, P V	NA	NA	 1
Hult, Werner	NA	NA	 1
Woitto	NA	NA	 1
Lindström, Gunnar	NA	NA	 1
Chiniquy, Charles	NA	NA	 1
Arenander, E O	NA	NA	 1
Szigligeti, Edvard	NA	NA	 1
Posse, Elisabeth	NA	NA	 1
Moody, William	NA	NA	 1
Philophilus	NA	NA	 1
Segerstråle, Albert	NA	NA	 1
Jägerroos, B H	NA	NA	 1
Nathorst, Hjalmar Otto	NA	NA	 1
Andersson, G N	NA	NA	 1
Tshaikowski, Modest	NA	NA	 1
Topelius, Toini	NA	NA	 1
Souvestre, Émile	NA	NA	 1
Elna	NA	NA	 1
Håkonson, Andreas	NA	NA	 1
Drake, Emma F Angell	NA	NA	 1
Carroll, Lewis	NA	NA	 1
Grise, Nic	NA	NA	 1
Ernst, Otto	NA	NA	 1
Stenroos, K E	NA	NA	 1
Fabritius, E J	NA	NA	 1
Wallenius, Allan	NA	NA	 1
Prydz, Alvilde	NA	NA	 1
Lundelin, Albert	NA	NA	 1
Kallas, Oskar	NA	NA	 1
Kuusi	NA	NA	 1
Pennanen, Matti	NA	NA	 1
Laatija, Lapatossun	NA	NA	 1
Solovjev, Vladimir	NA	NA	 1
Utanblad, Tyykö	NA	NA	 1
Hurmerinta, A	NA	NA	 1
Rancken, A W	NA	NA	 1
Bång, Johannes	NA	NA	 1
Glinka, Gregor	NA	NA	 1
Forsterus, Jacobus Erici	1712	NA	 1
Vuorjoki, U J	NA	NA	 1
Stevenson, Robert Louis	NA	NA	 1
Härjänsilmä, Anders Kreunpoika	NA	NA	 1
Reinius, B M	NA	NA	 1
Scott, Walter	NA	NA	 1
Schmitt, E H	NA	NA	 1
Lille, Bengt	NA	NA	 1
Estlander, J J	NA	NA	 1
Alanus, Abrahamus Claudii	1720	NA	 1
Mahlberg, Linda	NA	NA	 1
Beskow, Nils	NA	NA	 1
Mattsson, Aug	NA	NA	 1
Alfthan, K Von	NA	NA	 1
Grünewald, Theodor	NA	NA	 1
Elmgren, Rob	NA	NA	 1
Merriman, Harry Seton	NA	NA	 1
Cebes	NA	NA	 1
Stutzer, Albert	NA	NA	 1
Siöberg, Gabriel	1704	NA	 1
Serafimovitš, Aleksandr	NA	NA	 1
Hoffren, P	NA	NA	 1
Eichendorff, Joseph Von	NA	NA	 1
Jinarajadasa, C	NA	NA	 1
Fisher, Joseph R	NA	NA	 1
Nyholm, Gustaf	NA	NA	 1
Nielsen, Zakarias	NA	NA	 1
Sandburg, Charles	NA	NA	 1
Joutsen, Jali	NA	NA	 1
Franson, Fredrik	NA	NA	 1
Jakobson, Naima	NA	NA	 1
Hartman, Edvardus Daniel	NA	NA	 1
Fontelius, Nicolaus Gregorii	1692	NA	 1
Granlund, J A	NA	NA	 1
Waterloo, Stanley	NA	NA	 1
Clive-bayley, A M C	NA	NA	 1
Holsti, Rudolf	NA	NA	 1
Witkovsky, B	NA	NA	 1
Harjunen, S D	NA	NA	 1
Roslöf, Karl Gustaf	NA	NA	 1
Pitra, Louis Guillaume	NA	NA	 1
Schartau, Henrik	NA	NA	 1
Olander, Otto Wilhelm	NA	NA	 1
Hirn, A	NA	NA	 1
Reuter, C	NA	NA	 1
Conradi, L R	NA	NA	 1
Rolf, Gånge	NA	NA	 1
Ekman, Oskar	NA	NA	 1
Laitinen, A A A	NA	NA	 1
Kilpinen, Oskari	NA	NA	 1
Synnerberg, Georg	NA	NA	 1
Hagelberg, K T	NA	NA	 1
Karjalainen, K F	NA	NA	 1
Siersted, Theodor	NA	NA	 1
Tilvis, Arvi	NA	NA	 1
Turner, Ethel S	NA	NA	 1
Lissander, Anders	NA	NA	 1
Parila, Tuomas	NA	NA	 1
Boderus, Ambernus Svenonis	1676	NA	 1
Fonseen, Fried Joh	NA	NA	 1
Margarethe	NA	NA	 1
Rodenbach, Georges	NA	NA	 1
Rinman, Karl	NA	NA	 1
Moraeus, Christophorus Jonae	NA	NA	 1
Martin, Johan Henrik	NA	NA	 1
Tranér, Johannes	NA	NA	 1
King, V I	NA	NA	 1
Rosenberg, G	NA	NA	 1
Müller Von Köningswinter, Wolfgang	NA	NA	 1
Cameen, Carolus	NA	NA	 1
Lindström, Hilma	NA	NA	 1
Lyall, Edna	NA	NA	 1
Hultman, Oskar	NA	NA	 1
Behrens, Maria	NA	NA	 1
Castelnuovo, E	NA	NA	 1
Ingman, Alfred Emil	NA	NA	 1
Mac Fadden, Bernarr	NA	NA	 1
Rutström, Anders Karl	NA	NA	 1
Stenroth, Otto	NA	NA	 1
Malm, A E	NA	NA	 1
Nelson, O	NA	NA	 1
Pohjonen, Herman	NA	NA	 1
Galle, Lars L	NA	NA	 1
Sjöblom, Walter	NA	NA	 1
Flyborg, Gustaf	NA	NA	 1
Brummer, O J	NA	NA	 1
Wennerström, O W	NA	NA	 1
Selander, Edvard	NA	NA	 1
Tötterman, Aug	NA	NA	 1
Wrede, Henrik Otto	NA	NA	 1
Munsterhjelm, Elin	NA	NA	 1
Kulkuri	NA	NA	 1
Kindius, Petrus Olai	1663	NA	 1
Lindstedt, J K	NA	NA	 1
Mannstén, Elin	NA	NA	 1
Schöyen, Elisabeth	NA	NA	 1
Frese, Amelie De	NA	NA	 1
Wiljaranta, Sulo	NA	NA	 1
Aboicus, Laurentius	NA	NA	 1
Nyberg, Carl	NA	NA	 1
Hornick, Martinus Johannis	1683	NA	 1
Engeström, Johan Fredrik Mattias Von	NA	NA	 1
Keckonius, Andreas Johannis	1675	NA	 1
Lemström, G	NA	NA	 1
Kallas, O	NA	NA	 1
Bölsche, Wilhelm	NA	NA	 1
Forthelius, Johannes Canuti	NA	NA	 1
Krogerus, Rolf	NA	NA	 1
Palmén, J A	NA	NA	 1
Lundh, Thora	NA	NA	 1
Vergilius	NA	NA	 1
Weikkolin, Ida	NA	NA	 1
Stenius, Einar	NA	NA	 1
Saarinen, Eliel	NA	NA	 1
Troitski, D	NA	NA	 1
Ruhanen, Kustaa	NA	NA	 1
Haydn, Joseph	NA	NA	 1
Holmqvist, Hjalmar	NA	NA	 1
Smith, Uriah	NA	NA	 1
Knape, Ernst V	NA	NA	 1
Forsberg, Fr	NA	NA	 1
Pulkkinen, Kaarlo	1878	NA	 1
Dippel, Eduard	NA	NA	 1
Kynä	NA	NA	 1
Saarinen, Santeri	NA	NA	 1
Hurt, J	NA	NA	 1
Lankinen, J	NA	NA	 1
Sevon, J F	NA	NA	 1
Norlin, Theodor Arnold Valentin	NA	NA	 1
Hjelt, Otto J	NA	NA	 1
Barth, Agnar	NA	NA	 1
Twain, Mark	NA	NA	 1
Luthström, Carl Johan	NA	NA	 1
Ritavuori, Heikki	NA	NA	 1
Laboulaye, Edouard	NA	NA	 1
Wellerhausen, E V	NA	NA	 1
Golovin, Wladimir	NA	NA	 1
Wittstock, Joachimus Johannis	1706	NA	 1
Galsworthy, John	NA	NA	 1
Wallinheimo, Bruno	NA	NA	 1
Luoma, Ernst Jaakko Konstantin	NA	NA	 1
Hassel, Antti Fredrik	NA	NA	 1
Karsten, Edvin	NA	NA	 1
Renner, Michael Michaelis	1692	NA	 1
Donner, Arno	NA	NA	 1
Kraemer, K V	NA	NA	 1
Pipping, Augusta	NA	NA	 1
Pitkänen, Ilmari	NA	NA	 1
-l-b-s	NA	NA	 1
Mantero, Jussi	NA	NA	 1
Gustafsson, C	NA	NA	 1
Mill, John Stuart	NA	NA	 1
Steenbergius, Ericus Michaelis	1722	NA	 1
Hintikka, S V	NA	NA	 1
Lehén, Emil	NA	NA	 1
Savolainen, Kalle	NA	NA	 1
Salminen, Viktor	NA	NA	 1
Segerwall, Harald	NA	NA	 1
Wagener, C	NA	NA	 1
Ziegler, J	NA	NA	 1
Durietz, Carl Jakob	NA	NA	 1
Gaupp, Otto	NA	NA	 1
Rodhe, Bengt Carl	NA	NA	 1
Valpas, Edvard	NA	NA	 1
Wegelius, Sigurd	NA	NA	 1
Metš, Sergei	NA	NA	 1
William, Jean Paul	NA	NA	 1
Bury, J B	NA	NA	 1
Alegreen, Elias Andersson	1688	NA	 1
Neovius, Dagmar	NA	NA	 1
Järnefelt-palmgren, Maikki	NA	NA	 1
Renvall, Gerhard	NA	NA	 1
Herzog, Rudolf	NA	NA	 1
Wilkinson, John	NA	NA	 1
Heino, K	NA	NA	 1
Tigerstedt, Carl	NA	NA	 1
Taskinen, Kaarlo	NA	NA	 1
Kallén, Johan Viktor	NA	NA	 1
Flicka, En	NA	NA	 1
Brandt, Ch Ph H	NA	NA	 1
Vikár, Béla	NA	NA	 1
Granström, Arthur	NA	NA	 1
Rudnitzky, Naphtali	NA	NA	 1
Backlund, O	NA	NA	 1
Calamnius, Gabriel Josephi	1754	NA	 1
Honigh, C	NA	NA	 1
öhberg, A	NA	NA	 1
Gråstén, Ernst	NA	NA	 1
Kerfstedt, Amanda	NA	NA	 1
Koch, Martin	NA	NA	 1
Lehtonen, Svante	NA	NA	 1
Berg, Henrik	NA	NA	 1
Szinnyei, József	NA	NA	 1
Pakarinen, Weikko Otto	NA	NA	 1
Lindén, John	NA	NA	 1
Smeds, Karl	NA	NA	 1
Korff, S A	NA	NA	 1
Runeberg, J	NA	NA	 1
Loofeldt, Per Antonsson	NA	NA	 1
Berendts, E N	NA	NA	 1
Spångberg, Valfrid	NA	NA	 1
Ploetz, Carl	NA	NA	 1
Ujfalvy, Ch E De	NA	NA	 1
Korhonen, J	NA	NA	 1
Järnefelt, Akseli Kustaa Leonard	NA	NA	 1
Granfelt, A A	NA	NA	 1
Hahnsson, Johan August	NA	NA	 1
Svenonius, Laurentius	NA	NA	 1
Rahkonen, Juho	NA	NA	 1
Hippius, Gustav Adolph	NA	NA	 1
Rydberg, Viktor	NA	NA	 1
Nordström, Ernst	NA	NA	 1
Blomqvist, Anna	NA	NA	 1
Elimaeus, Olaus Erici	1629	NA	 1
Herkepaeus, Anders Gottlieb	NA	NA	 1
Heikel, T A	NA	NA	 1
Hall, Ivor R	NA	NA	 1
Schultén, Aug Af	NA	NA	 1
Kraepelien, August	NA	NA	 1
Lechler, Karl	NA	NA	 1
Booth, Catherine	NA	NA	 1
Huuri, A	NA	NA	 1
Lund, Troels	NA	NA	 1
Macleod, Mary	NA	NA	 1
Johnston, Mary	NA	NA	 1
Nansen, Fridtjof	NA	NA	 1
Rajavaara, Johannes	NA	NA	 1
Thesleff, L	NA	NA	 1
Wegelius, Johan	NA	NA	 1
Levan, Ericus	1746	NA	 1
Ahonen, A A	NA	NA	 1
Björkenheim, Gösta	NA	NA	 1
Sil-vara	NA	NA	 1
Gumplowicz, Ladislaus	NA	NA	 1
Pohjakallio, K A	NA	NA	 1
Brühl, Jul Wilh	NA	NA	 1
Köppen, Peter Von	NA	NA	 1
Furuhjelm, Maria	NA	NA	 1
Monteen, Eric O	NA	NA	 1
Garborg, Arne	NA	NA	 1
Lahti, Jalmari	NA	NA	 1
Laitinen, Johannes	1869	NA	 1
Sasonoff, N	NA	NA	 1
Krook, Max	NA	NA	 1
Aurivillius, Carolus	NA	NA	 1
Hautala, Antti	NA	NA	 1
Jernvall, Matthias	NA	NA	 1
Lindström, J J	NA	NA	 1
Liungberg, Niels	NA	NA	 1
Alftan, Haraldus	1733	NA	 1
Lindeqvist, Carl Johan	NA	NA	 1
Brommenius, P	NA	NA	 1
Hällberg, Karl V	NA	NA	 1
Pärnänen, J A	NA	NA	 1
Krüger, Stephanus Johannes Paulus Paul	NA	NA	 1
Floderus, Johannes	NA	NA	 1
Maartens, Maarten	NA	NA	 1
Clemens, Venceslaus	NA	NA	 1
Darley, Henry	NA	NA	 1
Färling, F J	NA	NA	 1
Hylander, Andreas	NA	NA	 1
Laurén, Rafaël	NA	NA	 1
Hubbart, Elbert	NA	NA	 1
