original	pagecount	volnumber	volcount	Count
[4] s.	   4	NA	1	560
[1] s.	   1	NA	1	241
NA	  62	NA	1	229
16 s.	  16	NA	1	219
[8] s.	   8	NA	1	217
8 s.	   8	NA	1	190
NA	  52	NA	1	171
[2] s.	   2	NA	1	155
32 s.	  32	NA	1	126
24 s.	  24	NA	1	113
15 s.	  15	NA	1	101
1 kartta	   2	NA	1	100
[16] s.	  16	NA	1	 97
4 s.	   4	NA	1	 92
NA	   4	NA	1	 86
12 s.	  12	NA	1	 86
[3] s.	   3	NA	1	 73
20 s.	  20	NA	1	 72
36 s.	  36	NA	1	 66
48 s.	  48	NA	1	 65
40 s.	  40	NA	1	 64
1 lehti (verso tyhjä)	   2	NA	1	 63
31 s.	  31	NA	1	 60
23 s.	  23	NA	1	 60
NA	  10	NA	1	 59
7 s.	   7	NA	1	 59
22 s.	  22	NA	1	 55
[?] s.	  10	NA	1	 50
14 s.	  14	NA	1	 49
64 s.	  64	NA	1	 48
18 s.	  18	NA	1	 45
11 s.	  11	NA	1	 45
44 s.	  44	NA	1	 45
30 s.	  30	NA	1	 43
1 lehti	   2	NA	1	 42
NA	  28	NA	1	 42
13 s.	  13	NA	1	 42
28 s.	  28	NA	1	 42
21 s.	  21	NA	1	 41
39 s.	  39	NA	1	 41
10 s.	  10	NA	1	 40
[12] s.	  12	NA	1	 40
52 s.	  52	NA	1	 38
[20] s.	  20	NA	1	 36
96 s.	  96	NA	1	 35
2 s.	   2	NA	1	 34
47 s.	  47	NA	1	 32
29 s.	  29	NA	1	 31
[6] s.	   6	NA	1	 31
34 s.	  34	NA	1	 31
6 s.	   6	NA	1	 30
[24] s.	  24	NA	1	 30
35 s.	  35	NA	1	 30
19 s.	  19	NA	1	 29
80 s.	  80	NA	1	 28
56 s.	  56	NA	1	 27
26 s.	  26	NA	1	 27
51 s.	  51	NA	1	 26
46 s.	  46	NA	1	 26
72 s.	  72	NA	1	 24
27 s.	  27	NA	1	 24
[?] s.	  62	NA	1	 23
42 s.	  42	NA	1	 23
104 s.	 104	NA	1	 23
[32] s.	  32	NA	1	 22
54 s.	  54	NA	1	 22
17 s.	  17	NA	1	 22
[48] s.	  48	NA	1	 22
25 s.	  25	NA	1	 22
128 s.	 128	NA	1	 21
55 s.	  55	NA	1	 21
38 s.	  38	NA	1	 21
92 s.	  92	NA	1	 21
112 s.	 112	NA	1	 20
63 s.	  63	NA	1	 20
68 s.	  68	NA	1	 20
76 s.	  76	NA	1	 20
74 s.	  74	NA	1	 20
124 s.	 124	NA	1	 18
59 s.	  59	NA	1	 18
79 s.	  79	NA	1	 18
60 s.	  60	NA	1	 18
98 s.	  98	NA	1	 17
62 s.	  62	NA	1	 17
160 s.	 160	NA	1	 16
132 s.	 132	NA	1	 16
95 s.	  95	NA	1	 16
41 s.	  41	NA	1	 15
114 s.	 114	NA	1	 15
43 s.	  43	NA	1	 15
50 s.	  50	NA	1	 15
82 s.	  82	NA	1	 15
176 s.	 176	NA	1	 15
45 s.	  45	NA	1	 15
70 s.	  70	NA	1	 14
120 s.	 120	NA	1	 14
9 s.	   9	NA	1	 14
66 s.	  66	NA	1	 14
110 s.	 110	NA	1	 14
100 s.	 100	NA	1	 14
111 s.	 111	NA	1	 14
84 s.	  84	NA	1	 14
88 s.	  88	NA	1	 14
152 s.	 152	NA	1	 14
[1] lehti	   2	NA	1	 13
103 s.	 103	NA	1	 13
31, [1] s.	  32	NA	1	 13
5 s.	   5	NA	1	 13
[2], 16 s.	  18	NA	1	 13
57 s.	  57	NA	1	 13
[10] s.	  10	NA	1	 13
78 s.	  78	NA	1	 13
90 s.	  90	NA	1	 12
[28] s.	  28	NA	1	 12
107 s.	 107	NA	1	 12
122 s.	 122	NA	1	 12
89 s.	  89	NA	1	 12
83 s.	  83	NA	1	 12
49 s.	  49	NA	1	 12
[36] s.	  36	NA	1	 12
37 s.	  37	NA	1	 12
[14] s.	  14	NA	1	 12
93 s.	  93	NA	1	 12
75 s.	  75	NA	1	 12
3 s.	   3	NA	1	 12
94 s.	  94	NA	1	 12
67 s.	  67	NA	1	 11
148 s.	 148	NA	1	 11
4 lehteä	   8	NA	1	 11
130 s.	 130	NA	1	 11
58 s.	  58	NA	1	 11
[40] s.	  40	NA	1	 11
180 s.	 180	NA	1	 11
138 s.	 138	NA	1	 10
102 s.	 102	NA	1	 10
[8] s. (s. [8] tyhjä)	   8	NA	1	 10
136 s.	 136	NA	1	 10
157 s.	 157	NA	1	 10
2 lehteä	   4	NA	1	 10
53 s.	  53	NA	1	 10
144 s.	 144	NA	1	 10
131 s.	 131	NA	1	 10
85 s.	  85	NA	1	 10
192 s.	 192	NA	1	 10
156 s.	 156	NA	1	 10
15, [1] s.	  16	NA	1	  9
117 s.	 117	NA	1	  9
143 s.	 143	NA	1	  9
224 s.	 224	NA	1	  9
86 s.	  86	NA	1	  9
[4] s. (s. [2] tyhjä)	   4	NA	1	  9
118 s.	 118	NA	1	  9
99 s.	  99	NA	1	  9
127 s.	 127	NA	1	  9
126 s.	 126	NA	1	  9
87 s.	  87	NA	1	  9
140 s.	 140	NA	1	  8
[2], [1] 2-12 s.	  14	NA	1	  8
[4] s. (s. [4] tyhjä)	   4	NA	1	  8
125 s.	 125	NA	1	  8
256 s.	 256	NA	1	  8
147 s.	 147	NA	1	  8
175 s.	 175	NA	1	  8
71 s.	  71	NA	1	  8
81 s.	  81	NA	1	  8
213 s.	 213	NA	1	  8
[2], [1] 2-16 s.	  18	NA	1	  8
200 s.	 200	NA	1	  8
[2], 32 s.	  34	NA	1	  8
164 s.	 164	NA	1	  8
168 s.	 168	NA	1	  8
108 s.	 108	NA	1	  8
91 s.	  91	NA	1	  8
33 s.	  33	NA	1	  8
115 s.	 115	NA	1	  8
[2], 12 s.	  14	NA	1	  7
163 s.	 163	NA	1	  7
[2], 18 s.	  20	NA	1	  7
106 s.	 106	NA	1	  7
190 s.	 190	NA	1	  7
105 s.	 105	NA	1	  7
142 s.	 142	NA	1	  7
183 s.	 183	NA	1	  7
188 s.	 188	NA	1	  7
65 s.	  65	NA	1	  7
119 s.	 119	NA	1	  7
151 s.	 151	NA	1	  7
167 s.	 167	NA	1	  7
172 s.	 172	NA	1	  7
187 s.	 187	NA	1	  7
[?] s.	  52	NA	1	  7
[8] s. (s. [2] tyhjä)	   8	NA	1	  7
198 s.	 198	NA	1	  7
[24], 540, 468, [12] s.	 576	NA	1	  7
[26] s.	  26	NA	1	  7
134 s.	 134	NA	1	  7
73 s.	  73	NA	1	  7
150 s.	 150	NA	1	  7
97 s.	  97	NA	1	  6
203 s.	 203	NA	1	  6
193 s.	 193	NA	1	  6
276 s.	 276	NA	1	  6
135 s.	 135	NA	1	  6
123 s.	 123	NA	1	  6
155 s.	 155	NA	1	  6
139 s.	 139	NA	1	  6
159 s.	 159	NA	1	  6
54, [1] s.	  55	NA	1	  6
116 s.	 116	NA	1	  6
61 s.	  61	NA	1	  6
[2], 26 s.	  28	NA	1	  6
166 s.	 166	NA	1	  6
[18] s.	  18	NA	1	  6
7, [1] s.	   8	NA	1	  6
227 s.	 227	NA	1	  6
11, [1] s.	  12	NA	1	  6
101 s.	 101	NA	1	  6
109 s.	 109	NA	1	  6
121 s.	 121	NA	1	  6
[2], 14 s.	  16	NA	1	  6
113 s.	 113	NA	1	  5
202 s.	 202	NA	1	  5
63, [1] s.	  64	NA	1	  5
129 s.	 129	NA	1	  5
[2], 30 s.	  32	NA	1	  5
287 s.	 287	NA	1	  5
174 s.	 174	NA	1	  5
[2], 8 s.	  10	NA	1	  5
294 s.	 294	NA	1	  5
352 s.	 352	NA	1	  5
[4?] s.	   4	NA	1	  5
179 s.	 179	NA	1	  5
248 s.	 248	NA	1	  5
212 s.	 212	NA	1	  5
[96] s.	  96	NA	1	  5
178 s.	 178	NA	1	  5
[108] s.	 108	NA	1	  5
[2], 46 s.	  48	NA	1	  5
368 s.	 368	NA	1	  5
173 s.	 173	NA	1	  5
154 s.	 154	NA	1	  5
259 s.	 259	NA	1	  5
137 s.	 137	NA	1	  5
[46] s.	  46	NA	1	  5
288 s.	 288	NA	1	  5
[4], 36 s.	  40	NA	1	  4
189 s.	 189	NA	1	  4
[4], 10 s.	  14	NA	1	  4
[16] s. (s. [2] tyhjä)	  16	NA	1	  4
185 s.	 185	NA	1	  4
204 s.	 204	NA	1	  4
270 s.	 270	NA	1	  4
145 s.	 145	NA	1	  4
195 s.	 195	NA	1	  4
251 s.	 251	NA	1	  4
161 s.	 161	NA	1	  4
226 s.	 226	NA	1	  4
216 s.	 216	NA	1	  4
77 s.	  77	NA	1	  4
295 s.	 295	NA	1	  4
[4], 16 s.	  20	NA	1	  4
[4], 20 s.	  24	NA	1	  4
184 s.	 184	NA	1	  4
[34] s.	  34	NA	1	  4
320 s.	 320	NA	1	  4
[56] s.	  56	NA	1	  4
47, [1] s.	  48	NA	1	  4
336 s.	 336	NA	1	  4
[2], 10 s.	  12	NA	1	  4
205 s.	 205	NA	1	  4
[2], 22 s.	  24	NA	1	  4
229 s.	 229	NA	1	  4
366 s.	 366	NA	1	  4
[60] s.	  60	NA	1	  4
186 s.	 186	NA	1	  4
85, [1] s.	  86	NA	1	  4
169 s.	 169	NA	1	  4
1 arkki	   2	NA	1	  4
[1-3] 4-8 s.	   8	NA	1	  4
16, [1] s.	  17	NA	1	  4
8 lehteä	  16	NA	1	  4
[1-2] 3-16 s.	  16	NA	1	  4
158 s.	 158	NA	1	  4
206 s.	 206	NA	1	  4
8  s.	   8	NA	1	  4
35, [1] s.	  36	NA	1	  4
230 s.	 230	NA	1	  4
232 s.	 232	NA	1	  4
[72] s.	  72	NA	1	  4
133 s.	 133	NA	1	  4
[1-3] 4-32 s.	  32	NA	1	  3
105, [1] s.	 106	NA	1	  3
[2], 13, [1] s.	  16	NA	1	  3
225 s.	 225	NA	1	  3
242 s.	 242	NA	1	  3
1 kartta kahdessa osassa	   2	NA	1	  3
264 s.	 264	NA	1	  3
[2], 11, [1] s.	  14	NA	1	  3
102, [1] s.	 103	NA	1	  3
408 s.	 408	NA	1	  3
280 s.	 280	NA	1	  3
[2], 48 s.	  50	NA	1	  3
238 s.	 238	NA	1	  3
[2], 20 s.	  22	NA	1	  3
95, [1] s.	  96	NA	1	  3
304 s.	 304	NA	1	  3
56, [1] s.	  57	NA	1	  3
[4], 24 s.	  28	NA	1	  3
156, [1] s.	 157	NA	1	  3
[4], 23, [1] s.	  28	NA	1	  3
11 lehteä	  22	NA	1	  3
223 s.	 223	NA	1	  3
[1-2] 3-176 [177-180] s.	 180	NA	1	  3
[2], 15, [1] s.	  18	NA	1	  3
69 s.	  69	NA	1	  3
283 s.	 283	NA	1	  3
208 s.	 208	NA	1	  3
347 s.	 347	NA	1	  3
[2], 24 s.	  26	NA	1	  3
[1-3] 4-48 s.	  48	NA	1	  3
141 s.	 141	NA	1	  3
239 s.	 239	NA	1	  3
87, [1] s.	  88	NA	1	  3
[2], [1] 2-10 s.	  12	NA	1	  3
[4], 27, [1] s.	  32	NA	1	  3
[?] s.	NA	NA	1	  3
235 s.	 235	NA	1	  3
[2] s., s. 17-24	  10	NA	1	  3
220 s.	 220	NA	1	  3
[2], 31, [1] s.	  34	NA	1	  3
[4-?] s.	   4	NA	1	  3
79, [1] s.	  80	NA	1	  3
[32] s. (s. [32] tyhjä)	  32	NA	1	  3
[4], 80 s.	  84	NA	1	  3
71, [1] s.	  72	NA	1	  3
[7] s.	   7	NA	1	  3
[11 s.]	  11	NA	1	  3
237 s.	 237	NA	1	  3
10 s., 2 kuvaa	  14	NA	1	  3
332 s.	 332	NA	1	  3
149 s.	 149	NA	1	  3
272 s.	 272	NA	1	  3
328 s.	 328	NA	1	  3
218 s.	 218	NA	1	  3
77, [1] s.	  78	NA	1	  3
[4], 147 s.	 151	NA	1	  3
271, [1] s.	 272	NA	1	  3
263 s.	 263	NA	1	  3
91, [1] s.	  92	NA	1	  3
245 s.	 245	NA	1	  3
480 s.	 480	NA	1	  3
19, [1] s.	  20	NA	1	  3
39, [1] s.	  40	NA	1	  3
301 s.	 301	NA	1	  3
125, [1] s.	 126	NA	1	  3
182 s.	 182	NA	1	  3
390 s.	 390	NA	1	  3
NA	  67	NA	1	  3
[64] s.	  64	NA	1	  3
[4], 172 s.	 176	NA	1	  3
273 s.	 273	NA	1	  3
94, [1] s.	  95	NA	1	  3
[2] s., s. 13-20	  10	NA	1	  3
177 s.	 177	NA	1	  3
[2], [1] 2-14 s.	  16	NA	1	  3
[2], 36 s.	  38	NA	1	  3
146 s.	 146	NA	1	  3
[4], 44 s.	  48	NA	1	  3
222 s.	 222	NA	1	  3
243 s.	 243	NA	1	  3
[4], 28 s.	  32	NA	1	  3
[2], 74 s.	  76	NA	1	  3
29, [1] s.	  30	NA	1	  3
76, [1] s.	  77	NA	1	  3
[1-3] 4-16 s.	  16	NA	1	  3
27, [1] s.	  28	NA	1	  3
[?] s.	  67	NA	1	  3
196 s.	 196	NA	1	  3
[4], 240 s.	 244	NA	1	  3
80, [2] s.	  82	NA	1	  2
[4], 26, [2] s.	  32	NA	1	  2
[1-3] 4-36 s.	  36	NA	1	  2
282 s.	 282	NA	1	  2
[2], 21 s.	  23	NA	1	  2
61, [1] s.	  62	NA	1	  2
[2], 100 s.	 102	NA	1	  2
[8], [1] 2-27 [28] s.	  63	NA	1	  2
[2], 170 s.	 172	NA	1	  2
255 s.	 255	NA	1	  2
[4 s.].	   4	NA	1	  2
[4], 83 s.	  87	NA	1	  2
119, [1] s.	 120	NA	1	  2
Plakat.	  62	NA	1	  2
[4], 98 s.	 102	NA	1	  2
[4], 143 s.	 147	NA	1	  2
436 s.	 436	NA	1	  2
127, [1] s.	 128	NA	1	  2
[52] s.	  52	NA	1	  2
[2] s., s. 49-56	  10	NA	1	  2
[2], 118 s.	 120	NA	1	  2
50, [1] s.	  51	NA	1	  2
217 s.	 217	NA	1	  2
108, [2] s.	 110	NA	1	  2
73, [3] s.	  76	NA	1	  2
[4], 108 s.	 112	NA	1	  2
462 s.	 462	NA	1	  2
185, [1] s.	 186	NA	1	  2
[10 s.]	  10	NA	1	  2
211 s.	 211	NA	1	  2
[1-9], 10-193 [194-200] s.	 200	NA	1	  2
505 s.	 505	NA	1	  2
[19] s.	  19	NA	1	  2
306 s.	 306	NA	1	  2
13, [1] s.	  14	NA	1	  2
[44] s.	  44	NA	1	  2
[4], 164 s.	 168	NA	1	  2
58, [1] s.	  59	NA	1	  2
[24], 540, [12], 468 s.	 576	NA	1	  2
[1-2] 3-17 [18] s.	  18	NA	1	  2
[2], [1] 2-21 [22] s.	  45	NA	1	  2
[4], 196 s.	 200	NA	1	  2
[28] s. (s. [28] tyhjä)	  28	NA	1	  2
[1-5] 6-40 s.	  40	NA	1	  2
346 s.	 346	NA	1	  2
[6], 32 s.	  38	NA	1	  2
[4], [1] 2-38 s.	  42	NA	1	  2
69, [1] s.	  70	NA	1	  2
[54] s.	  54	NA	1	  2
[8], 44, [4] s.	  56	NA	1	  2
[4], 22 s.	  26	NA	1	  2
[2], 39, [1] s.	  42	NA	1	  2
103, [1] s.	 104	NA	1	  2
VIII, 226 s.	 234	NA	1	  2
[2], 25 s.	  27	NA	1	  2
261 s.	 261	NA	1	  2
[2] s., s. 17-32	  18	NA	1	  2
[4], 97 s.	 101	NA	1	  2
[4], 219 s.	 223	NA	1	  2
536 s.	 536	NA	1	  2
[2], 187 s.	 189	NA	1	  2
339 s.	 339	NA	1	  2
64, [1] s.	  65	NA	1	  2
[2], [1] 2-20 s.	  22	NA	1	  2
[2], [1] 2-18 s.	  20	NA	1	  2
[20] s. (s. [20] tyhjä)	  20	NA	1	  2
359 s.	 359	NA	1	  2
14, [2] s.	  16	NA	1	  2
201 s.	 201	NA	1	  2
55, [1] s.	  56	NA	1	  2
333 s.	 333	NA	1	  2
[4], 214 s.	 218	NA	1	  2
[4], 66 s.	  70	NA	1	  2
[4], 11, [1] s.	  16	NA	1	  2
[2], [1] 2-22 s.	  24	NA	1	  2
262 s.	 262	NA	1	  2
149, [1] s.	 150	NA	1	  2
109, [3] s.	 112	NA	1	  2
42, [1] s.	  43	NA	1	  2
[8] s. (s. [2] ja [8] tyhjät)	  10	NA	1	  2
[161] s.	 161	NA	1	  2
21, [1] s.	  22	NA	1	  2
[128] s.	 128	NA	1	  2
318 s.	 318	NA	1	  2
[4], 167 s.	 171	NA	1	  2
1 kartta kahdella lehdellä	   2	NA	1	  2
16 lehteä	  32	NA	1	  2
416 s.	 416	NA	1	  2
[4], [1] 2-20 s.	  24	NA	1	  2
[8], 272 s.	 280	NA	1	  2
[1-3] 4-11 [12] s.	  12	NA	1	  2
[2], [1] 2-40 s.	  42	NA	1	  2
[4], 48, [2] s.	  54	NA	1	  2
[4], 51 s.	  55	NA	1	  2
[8], 56 s.	  64	NA	1	  2
[4], 60 s.	  64	NA	1	  2
143, [1] s.	 144	NA	1	  2
[4], 160 s.	 164	NA	1	  2
130, [1] s.	 131	NA	1	  2
326 s.	 326	NA	1	  2
[4], 117 s.	 121	NA	1	  2
221 s.	 221	NA	1	  2
312 s.	 312	NA	1	  2
371 s.	 371	NA	1	  2
[8], 152 s.	 160	NA	1	  2
[4], 79 s.	  83	NA	1	  2
633 s.	 633	NA	1	  2
289 s.	 289	NA	1	  2
[4], 8 s.	  12	NA	1	  2
162 s.	 162	NA	1	  2
244 s.	 244	NA	1	  2
53, [1] s.	  54	NA	1	  2
33, [1] s.	  34	NA	1	  2
218, [1] s.	 219	NA	1	  2
[6], 18 s.	  24	NA	1	  2
325 s.	 325	NA	1	  2
[8], 170, 106 s.	 178	NA	1	  2
[4], 75 s.	  79	NA	1	  2
[6], 24 s.	  30	NA	1	  2
IV, 86, [1] s.	  91	NA	1	  2
[2], 17 s.	  19	NA	1	  2
112 s., 2 lehteä kart.	 112	NA	1	  2
344 s.	 344	NA	1	  2
190, [1] s.	 191	NA	1	  2
[4], 19, [1] s.	  24	NA	1	  2
260 s.	 260	NA	1	  2
845 s.	 845	NA	1	  2
510 s.	 510	NA	1	  2
[4], 12 s.	  16	NA	1	  2
58 s., kuva	  58	NA	1	  2
179, [1] s.	 180	NA	1	  2
[8], 39, [5] s.	  52	NA	1	  2
370 s.	 370	NA	1	  2
[4], 193 s.	 197	NA	1	  2
474 s.	 474	NA	1	  2
[4], [1] 2-24 s.	  28	NA	1	  2
434 s.	 434	NA	1	  2
322 s.	 322	NA	1	  2
9, [1] s.	  10	NA	1	  2
338 s.	 338	NA	1	  2
[1-3] 4-112 s.	 112	NA	1	  2
[6], 27, [3] s.	  36	NA	1	  2
[2], 154 s.	 156	NA	1	  2
62, [1] s.	  63	NA	1	  2
[2], [1] 2-34 s.	  36	NA	1	  2
[157] s.	 157	NA	1	  2
509 s.	 509	NA	1	  2
444 s.	 444	NA	1	  2
268 s.	 268	NA	1	  2
266 s.	 266	NA	1	  2
356 s.	 356	NA	1	  2
170 s.	 170	NA	1	  2
181 s.	 181	NA	1	  2
[4], 70 s., 1 pl.	  76	NA	1	  2
[4], 194 s.	 198	NA	1	  2
[4], 82 s.	  86	NA	1	  2
[8], 42 s.	  50	NA	1	  2
233 s.	 233	NA	1	  2
[1-3] 4-40 s.	  40	NA	1	  2
S. 33-64.	  32	NA	1	  2
350 s.	 350	NA	1	  2
97, [1] s.	  98	NA	1	  2
2 nid. (102, 95 s.)	 197	NA	1	  2
[8], 84 s.	  92	NA	1	  2
153 s.	 153	NA	1	  2
293 s.	 293	NA	1	  2
[4], 199 s.	 203	NA	1	  2
[6], 101 s.	 107	NA	1	  2
111, [1] s.	 112	NA	1	  2
17, [1] s.	  18	NA	1	  2
IX, 186 s.	 195	NA	1	  2
[4], [1] 2-15 [16] s.	  35	NA	1	  2
VIII, 328 s.	 336	NA	1	  2
[4], [1] 2-14 s.	  18	NA	1	  2
22, [1] s.	  23	NA	1	  2
[2], 107 s.	 109	NA	1	  2
[4], 102 s.	 106	NA	1	  2
210 s.	 210	NA	1	  2
323 s.	 323	NA	1	  2
292 s.	 292	NA	1	  2
252 s.	 252	NA	1	  2
[15] s.	  15	NA	1	  2
[8], 10 s.	  18	NA	1	  2
[8], [1] 2-30 [31-32] s.	  41	NA	1	  2
[2], 56 s.	  58	NA	1	  2
98, [1] s.	  99	NA	1	  2
317 s.	 317	NA	1	  2
10 s., 10 pl.	  30	NA	1	  2
99, [1] s.	 100	NA	1	  2
[1], 14 s.	  15	NA	1	  2
[5] s.	   5	NA	1	  2
46, [2] s.	  48	NA	1	  2
6 lehteä	  12	NA	1	  2
[4], 84 s.	  88	NA	1	  2
[38] s.	  38	NA	1	  2
[2], 6 s.	   8	NA	1	  2
[8], 20, [4] s.	  32	NA	1	  2
[2], 23, [1] s.	  26	NA	1	  2
383 s.	 383	NA	1	  2
[3], 107 s.	 110	NA	1	  2
[216] s.	 216	NA	1	  2
[119] s.	 119	NA	1	  2
46, [1] s.	  47	NA	1	  2
[4], 32 s.	  36	NA	1	  2
349 s.	 349	NA	1	  2
1 s.	   1	NA	1	  2
[2], [1] 2-8 s.	  10	NA	1	  2
30, [2] s.	  32	NA	1	  2
[4], 135 s.	 139	NA	1	  2
64, [2] s.	  66	NA	1	  2
207 s.	 207	NA	1	  2
134, [1] s.	 135	NA	1	  2
22, [2] s.	  24	NA	1	  2
[1-2] 3-12 s.	  12	NA	1	  2
[4], 139 s.	 143	NA	1	  2
[4], 182 s.	 186	NA	1	  2
171 s.	 171	NA	1	  2
334 s.	 334	NA	1	  2
387 s.	 387	NA	1	  2
[6], 30 s.	  36	NA	1	  2
[8], 18, [2] s.	  28	NA	1	  2
5 lehteä	  10	NA	1	  2
66, [1] s.	  67	NA	1	  2
296 s.	 296	NA	1	  2
313 s.	 313	NA	1	  2
848 s.	 848	NA	1	  2
12 lehteä	  24	NA	1	  2
[4], 31, [1] s.	  36	NA	1	  2
XII s.	  12	NA	1	  2
600 s.	 600	NA	1	  2
[387] s.	 387	NA	1	  2
340 s.	 340	NA	1	  2
[8], 30, [2] s.	  40	NA	1	  2
[8 s.]	   8	NA	1	  2
516 s.	 516	NA	1	  2
[12 s.]	  12	NA	1	  2
[4], [1] 2-32 s.	  36	NA	1	  2
65, [1] s.	  66	NA	1	  2
406 s.	 406	NA	1	  2
[2+?] s.	   2	NA	1	  2
[2], 33 s.	  35	NA	1	  2
XL, 1045 s.	1085	NA	1	  1
[1-5] 6-20 s.	  20	NA	1	  1
53, [3] s.	  56	NA	1	  1
203, [1] s.	 204	NA	1	  1
IX, 167, [1] s.	 177	NA	1	  1
[1-3] 4-13 13 [po. 14] s.	  14	NA	1	  1
96 s., [3] karttas.	 102	NA	1	  1
[2] s., s. 89-96	  10	NA	1	  1
VIII, 79 s.	  87	NA	1	  1
[2], 48, [2] s.	  52	NA	1	  1
205, [1] s.	 206	NA	1	  1
[40], [1] 2-374 [375-396] s.	 437	NA	1	  1
S. 381-584, 4 s.	 584	NA	1	  1
39 s., 1 bil.	  39	NA	1	  1
xviii, 337 s., [18] kuvalehteä, [3] karttalehteä	 397	NA	1	  1
S. [65-96]	  32	NA	1	  1
[4], 123 s.	 127	NA	1	  1
99 s., kuvaliite	  99	NA	1	  1
315 s.	 315	NA	1	  1
[301] s.	 301	NA	1	  1
[2], [1] 2-11 14-30 [po. 12-28] [29-30] s. (s. [29-30] tyhjät)	  32	NA	1	  1
307 s., 1 karta	 309	NA	1	  1
16, [2]  s.	  18	NA	1	  1
[20], 64, [8] s.	  92	NA	1	  1
viii, 245 s., [1] karttalehti (taitettuna)	 255	NA	1	  1
[10], [1] 2-34 [35-38] s.	  49	NA	1	  1
[4], 312 s. +	 316	NA	1	  1
241 s.	 241	NA	1	  1
[2], 43 s.	  45	NA	1	  1
56, 6 kuval., 5 taululiitettä	  68	NA	1	  1
[4] s., s. 107-130, [2] s.	  30	NA	1	  1
[2], 152 s.	 154	NA	1	  1
[8], 63 s., [185] kuval.	 441	NA	1	  1
[6], 104 s., 5 pl.	 120	NA	1	  1
298, [10] s.	 308	NA	1	  1
112, [2] s.	 114	NA	1	  1
[12], 828 s., 282 s.	 840	NA	1	  1
106, [4] s.	 110	NA	1	  1
[2] s., s. 41-48, [2] s.	  12	NA	1	  1
173 s., [2] karttal., [1] karttas.	 179	NA	1	  1
XV, 339 s., 2 taululiitettä	 354	NA	1	  1
694 s.	 694	NA	1	  1
X, 187 s.	 197	NA	1	  1
[6], 40 s.	  46	NA	1	  1
2 osaa (192 s., 191 s.)	 383	NA	1	  1
VI s., s. 7-105.	 105	NA	1	  1
[6], 197, [1] s.	 204	NA	1	  1
90, XXII, [4] s.	 116	NA	1	  1
[4], 116 s.	 120	NA	1	  1
294, [1] s.	 295	NA	1	  1
[2], 24, [2] s.	  28	NA	1	  1
[2], 16 s., 1 kuvaliite	  18	NA	1	  1
[2] s., s. 41-48	  10	NA	1	  1
60 s., 35 kuvaa	 130	NA	1	  1
[3], III, 313 s.	 319	NA	1	  1
[6], [1] 2-32 s.	  38	NA	1	  1
[4], 336, [2] s.	 342	NA	1	  1
IV, 124 s.	 128	NA	1	  1
VI, [2], 196 s.	 204	NA	1	  1
[1-3] 4-64 s.	  64	NA	1	  1
[36], [1] 2-573, [574-588], [1] 2-336 s.	 626	NA	1	  1
[5], 1-181 [182-187] l.	 192	NA	1	  1
[6], [1] 2-12 s.	  18	NA	1	  1
[66] s.	  66	NA	1	  1
152, [3] s., [1] karttalehti (taitettuna)	 157	NA	1	  1
VIII, 440 s.	 448	NA	1	  1
[6], [1] 2-10 s.	  16	NA	1	  1
[4], VI, 270, VI, 159 s.	 280	NA	1	  1
140, [1] s., muotokuva	 141	NA	1	  1
VII, 468 s.	 475	NA	1	  1
XV, 207, [1] s.	 223	NA	1	  1
266, [4] s.	 270	NA	1	  1
[4] s., 35 pl.	  74	NA	1	  1
4, 158 s.	 158	NA	1	  1
S. 55-63.	   9	NA	1	  1
IV, 158 s.	 162	NA	1	  1
[2], 68 s.	  70	NA	1	  1
197 s., [2] kuvalehteä, [7] kuvalehteä (taitettuna), [1] karttal.	 217	NA	1	  1
378 s.	 378	NA	1	  1
[6], 280, IX s., 18 kuvalehteä, 4 graafillista taululiitettä	 331	NA	1	  1
75 s., 1 karttaliite	  77	NA	1	  1
[4] s. 2:o.	  62	NA	1	  1
[?], 1-8, [?] s.	   8	NA	1	  1
[2], 46, [2], LVII s.	 107	NA	1	  1
[6], 59, [1], 71, [1] s., LXXVIII kuvaliitettä	 235	NA	1	  1
[16], [1] 2-192. s.	 208	NA	1	  1
[2] s., s. 57-62	   8	NA	1	  1
[2] s., s. 341-370.	  32	NA	1	  1
XX, 252 s.	 272	NA	1	  1
[2] s., s. 93-100	  10	NA	1	  1
[4], 96 s.	 100	NA	1	  1
[2], 94 s.	  96	NA	1	  1
[4], 237, [1] s.	 242	NA	1	  1
[6], 151, [1] s., 8 kuvaliitettä	 174	NA	1	  1
17 s., 1 karttaliite	  19	NA	1	  1
[6], [1] 2-20 s.	  26	NA	1	  1
82 s. +	  82	NA	1	  1
S. 55-77	  23	NA	1	  1
125, [2] s.	 127	NA	1	  1
S. [2], 37-54	  20	NA	1	  1
104, [1] s.	 105	NA	1	  1
[4], V, [2], 60 s.	  71	NA	1	  1
[6], 69 s.	  75	NA	1	  1
[4], 268 s.	 272	NA	1	  1
[10], 103, [9] s.	 122	NA	1	  1
S. 289-303, 1 pl.	  17	NA	1	  1
[4], 35, [1] s.	  40	NA	1	  1
[2], 167 s.	 169	NA	1	  1
[8], 166, [2] s., 2 karttalehteä.	 180	NA	1	  1
XXV, 716 s., [16] kuvalehteä (1 taitettuna), [1] karttalehti taitettuna	 775	NA	1	  1
95 s., [1] karttalehti (taitettuna)	  97	NA	1	  1
[2], 149, [3] s.	 154	NA	1	  1
68 s., 2 taulukkol.	  68	NA	1	  1
S. [?], [43-56], [?]	  14	NA	1	  1
348 s.	 348	NA	1	  1
S. 109-115	   7	NA	1	  1
[12] s. (s. [2] tyhjä)	  12	NA	1	  1
VIII, 64, [2], 145 s.	 155	NA	1	  1
VI s., s. 7-180.	 180	NA	1	  1
XI, 136 s.	 147	NA	1	  1
256 s., [1] karttalehti taitettuna	 258	NA	1	  1
534 s.	 534	NA	1	  1
IV, 100 s.	 104	NA	1	  1
14, [1] s.	  15	NA	1	  1
[4], 334 s.	 338	NA	1	  1
[4], [1-32?] 33-231 [232] s. (s. [232] tyhjä)	 236	NA	1	  1
[6], 468, [4] s., karttaliite	 478	NA	1	  1
80, [5] s.	  85	NA	1	  1
308 s.	 308	NA	1	  1
[1], 29 s.	  30	NA	1	  1
[1-3] 4-34 s.	  34	NA	1	  1
[4], 221 s., 76 kuvaa	 377	NA	1	  1
[2] s., s. 127-134	  10	NA	1	  1
S. 1-192.	 192	NA	1	  1
[8], [1] 2-40 [41-42] s.	  51	NA	1	  1
[2], [1] 2-13 [14] s. ; 4:o.	  29	NA	1	  1
20 koteloa.	  62	NA	1	  1
552 s., 3 taululiitettä	 552	NA	1	  1
VI, [2], 159 s.	 167	NA	1	  1
[8], 538 s.	 546	NA	1	  1
[1-2] 3-103 [104-108] s.	 108	NA	1	  1
96, [3] s., [3] karttas.	 105	NA	1	  1
22 s., [1] kuval.	  24	NA	1	  1
26, [2] s.	  28	NA	1	  1
[8], 437 s.	 445	NA	1	  1
[2], 352 s.	 354	NA	1	  1
VIII, 129 s.	 137	NA	1	  1
[39] s.	  39	NA	1	  1
Sid. V-XV, 97-664.	 579	NA	1	  1
[7], 32 s.	  39	NA	1	  1
[2] s., s. 25-38	  16	NA	1	  1
II, 114 s.	 116	NA	1	  1
VIII, 69 s.	  77	NA	1	  1
VIII, 102 s.	 110	NA	1	  1
S. 45-61.	  17	NA	1	  1
[8], V, [1], 739 s.	 753	NA	1	  1
88s.	  88	NA	1	  1
16 s., 2 kuvalehteä	  20	NA	1	  1
[6], [479] s., 84 ill., 14 pl.	 513	NA	1	  1
[2] s., s. 21-30	  12	NA	1	  1
S. [?], [113-128], [?]	  16	NA	1	  1
S. 57-111.	  55	NA	1	  1
[4], [1] 2-51 [52] s.	 107	NA	1	  1
112, [4] s.	 116	NA	1	  1
57, [2] s., 6 kuvaliitettä	  71	NA	1	  1
36 s. .	  36	NA	1	  1
9 mallilehteä	  18	NA	1	  1
[2], 8, [4] s.	  14	NA	1	  1
4, [2] s., [2] taitelehteä.	   6	NA	1	  1
[2] s., s. [21] 22-47 [48]	  97	NA	1	  1
80, XX, 47 s.	 100	NA	1	  1
V, [1], 61 ; [1], 119 s.	 187	NA	1	  1
39 s., 5 kuvalehteä.	  49	NA	1	  1
[4], 264 s.	 268	NA	1	  1
VIII, 253, [1] s.	 262	NA	1	  1
262, [1] s.	 263	NA	1	  1
[55] s.	  55	NA	1	  1
83, [2] s.	  85	NA	1	  1
263, [2] s.	 265	NA	1	  1
777 s.	 777	NA	1	  1
VI, 168 s., 8 kuval., 1 kartta	 192	NA	1	  1
[1-3] 4-37 [38] s. (s. [38] tyhjä)	  38	NA	1	  1
s. 165-215.	  51	NA	1	  1
427, [1], IV s., [24] kuvalehteä (osa taitettuina)	 432	NA	1	  1
5, 26, [2] s.	  28	NA	1	  1
18 s., 9 pl.	  36	NA	1	  1
[4], 298, [1] s.	 303	NA	1	  1
[2] s., s. 49-58	  12	NA	1	  1
189, 14 s.	 189	NA	1	  1
[4], 163 s., 1 tab.	 169	NA	1	  1
VII, 456 s.	 463	NA	1	  1
VIII, 290 s.	 298	NA	1	  1
VIII, 302 s.	 310	NA	1	  1
628 s.	 628	NA	1	  1
[59], 87 s.	 146	NA	1	  1
[2] s., sid. 497-880, 1 pl.	 388	NA	1	  1
S. 205-245	  41	NA	1	  1
[4], 384 p.	 388	NA	1	  1
[98] s.	  98	NA	1	  1
280, [8] s.	 288	NA	1	  1
[4], 70, [4], 77 s., kuvalehti	  89	NA	1	  1
VIII, 366 s.	 374	NA	1	  1
[8], 178 s.	 186	NA	1	  1
[4], [1] 2-56 [57-68] s.	  73	NA	1	  1
[2], 408 s.	 410	NA	1	  1
[2], 115 s.	 117	NA	1	  1
[3], 75 s.	  78	NA	1	  1
[1-2] 3-20 s.	  20	NA	1	  1
XI, [1], 540 s.	 552	NA	1	  1
[2], 508, [1] s.	 511	NA	1	  1
14 s., 1 karta	  16	NA	1	  1
VIII, 260 s., 75 kuvaa	 418	NA	1	  1
[2], 28 s.	  30	NA	1	  1
[1] s., s. 9-16	   9	NA	1	  1
70, [1] s., 7 kuvalehteä	  85	NA	1	  1
VII, 161 s., 36 pl.	 240	NA	1	  1
[2], 29, [1] s.	  32	NA	1	  1
[8], 149 s.	 157	NA	1	  1
6  s.	   6	NA	1	  1
[10], [1] 2-44 s.	  54	NA	1	  1
90, [2] s.	  92	NA	1	  1
[20] s. (s. [2] ja [20] tyhjät)	  10	NA	1	  1
123, [1] s.	 124	NA	1	  1
[2], 124 s.	 126	NA	1	  1
104, [4] s.	 108	NA	1	  1
41, [8] s.	  49	NA	1	  1
S. [4], 385-416, [4]	  40	NA	1	  1
S. [610-641]	  32	NA	1	  1
[4], 72 s., 2 kuval.	  80	NA	1	  1
VI, 126 s., 1 muotokuva, 24 kuval.	 180	NA	1	  1
IV, 231 s.	 235	NA	1	  1
VI, 210 s.	 216	NA	1	  1
[4], 93 [po. 91], [1] s.	  96	NA	1	  1
[2], 42 s.	  44	NA	1	  1
[4], 781, [1] s.	 786	NA	1	  1
VII, 159, XXVIII s.	 187	NA	1	  1
224 s., 3 kuvaliitettä, 1 karttaliite	 232	NA	1	  1
218, [2] s.	 220	NA	1	  1
[6 s.]	   6	NA	1	  1
[16], [1] 2-168 s.	 184	NA	1	  1
[1], 50, [5] s.	  56	NA	1	  1
[2], 69 s., 2 pl.	  75	NA	1	  1
[6], 28 s.	  34	NA	1	  1
IX s., s. 10-164 s.	 164	NA	1	  1
277, [2] s.	 279	NA	1	  1
[8], 50, [2] s.	  60	NA	1	  1
14 s., [1] karttas.	  16	NA	1	  1
[8], 80, [4] s.	  92	NA	1	  1
324, [3] s.	 327	NA	1	  1
[4], 393 s., kuva	 397	NA	1	  1
28, [4] s.	  32	NA	1	  1
169, [2] s.	 171	NA	1	  1
[1] 2-7 [8] s.	  15	NA	1	  1
S. [542]-553	  12	NA	1	  1
20 nid. [325 s.].	 325	NA	1	  1
33, [2] s.	  35	NA	1	  1
[4] s., s. 273-525, [4] s., 6 kuval.	 273	NA	1	  1
57 s., 2 pl.	  61	NA	1	  1
[2], 59 s.	  61	NA	1	  1
[4], 109 s., 2 kuval.	 117	NA	1	  1
123, [8] s.	 131	NA	1	  1
XX, [2], 256 s.	 278	NA	1	  1
S. 1-234.	 234	NA	1	  1
VIII, 439, [1] s.	 448	NA	1	  1
[2], 206 s., kuva	 208	NA	1	  1
[4] s., s. 241-322, 2 pl.	  90	NA	1	  1
46 s., [1] kuval.	  48	NA	1	  1
[4], 33 s.	  37	NA	1	  1
XXIV, 173 s.	 197	NA	1	  1
60 s., 2 kuval.	  64	NA	1	  1
[8], 70 s.	  78	NA	1	  1
[1-5] 6-23 [24] s. (s. [24] tyhjä)	  24	NA	1	  1
33 s., 5 kuvalehteä	  43	NA	1	  1
[6] s., s. [51]-104 s.	  60	NA	1	  1
194 s., 6 lehteä kuvia	 206	NA	1	  1
[1-2] 3-15 [16] s.	  16	NA	1	  1
551s.	 551	NA	1	  1
[6], 44 s., karttaliite	  50	NA	1	  1
S. 1-116, 1 karttal., 3 kuval.	 124	NA	1	  1
[6], 17, [1] s.	  24	NA	1	  1
[4], VI, 149 s.	 159	NA	1	  1
XXX, [2], 420, [2], 732 s.	 766	NA	1	  1
[6], 134 s.	 140	NA	1	  1
[6], 38	  44	NA	1	  1
[1-7] 8-19 [20] s. (s. [20] tyhjä)	  20	NA	1	  1
56, IV s.	  60	NA	1	  1
1 l.	  62	NA	1	  1
1 kartasto ([40] lehteä)	   2	NA	1	  1
S. 35-80, kartta	  46	NA	1	  1
[2] s., s. 541-556	  18	NA	1	  1
[8], 154 s.	 162	NA	1	  1
Sid. 1-29.	  29	NA	1	  1
120, 6 s., 4 taulu-, 1 kuva- ja karttaliite	 120	NA	1	  1
[8], 14, [2]	  24	NA	1	  1
76, [2] s.	  78	NA	1	  1
[4], 156, [1] s., 1 plankarta	 161	NA	1	  1
207 s., 1 pl.	 209	NA	1	  1
[8], [1] 2-32 [33-38] s.	  47	NA	1	  1
XI, 290 s.	 301	NA	1	  1
[8], [1] 2-47 [48] s.	 103	NA	1	  1
[2], 7, [1] s.	  10	NA	1	  1
S. [?], [121-136], [?]	  16	NA	1	  1
239 s., 3 kuvalehteä	 245	NA	1	  1
133, [1] s.	 134	NA	1	  1
309 s.	 309	NA	1	  1
2 nid. (16, [2] s., [1] karttalehti (taitettuna); s. 17-48, [2] s., [1] taulukkolehti (taitettuna)	  54	NA	1	  1
329 s.	 329	NA	1	  1
93 s., [2] kuvasivua	  97	NA	1	  1
[8], [1] 2-21 [22-26] s.	  35	NA	1	  1
VI, [2], 208, 130 s., 2 kuval.	 220	NA	1	  1
142, [2] s.	 144	NA	1	  1
[4], 101, [2] s.	 107	NA	1	  1
XXIV, 478 s.	 502	NA	1	  1
[62-?] s.	  62	NA	1	  1
XIII, [3], 497, [6] s.	 519	NA	1	  1
S. [?], [297-312], [?]	  16	NA	1	  1
IV, 152 s.	 156	NA	1	  1
40, 40 s.	  40	NA	1	  1
[28], 539, [13], 464 s.	 580	NA	1	  1
[4], 103 s.	 107	NA	1	  1
S. 221-276, [1] s.	  57	NA	1	  1
[4], [1] 2-16 s.	  20	NA	1	  1
[4], 300, [1] s.	 305	NA	1	  1
314, [1] s., [1] kuvalehti	 317	NA	1	  1
VIII, 48 s.	  56	NA	1	  1
701 s.	 701	NA	1	  1
XVI, 539 s.	 555	NA	1	  1
62, [4] s.	  66	NA	1	  1
[4], 1-16, [4] s.	  24	NA	1	  1
367 s.	 367	NA	1	  1
[10] s., s. 33-64	  42	NA	1	  1
[2], 120 s.	 122	NA	1	  1
VIII, 182, [1] s.	 191	NA	1	  1
X, 167 s.	 177	NA	1	  1
89, [6] s.	  95	NA	1	  1
VI, 191, [5] s., [26] kuvalehteä, [1] karttalehti, 56 kuvasivua	 368	NA	1	  1
S. 19-59	  41	NA	1	  1
VI, 132 s.	 138	NA	1	  1
[2] s., s. 314-329 [po. 315-330]	  18	NA	1	  1
211, LIX s., [1] karttalehti (taitettuna)	 272	NA	1	  1
S. [2], 169-176, [2]	  12	NA	1	  1
[4], 218 s., karttaliite	 222	NA	1	  1
236 s.	 236	NA	1	  1
X, 552 s., [1] karttalehti taitettuna	 564	NA	1	  1
948 s.	 948	NA	1	  1
[2], [1] 2-15 [16]	  33	NA	1	  1
[4], 80 s., muotokuva	  84	NA	1	  1
[9], XLI, 349 s.	 399	NA	1	  1
[2] s., s. 669-684	  18	NA	1	  1
VIII, 120 s.	 128	NA	1	  1
[6], [1] 2-33 [34]  s.	  73	NA	1	  1
[3], 278, [1] s.	 282	NA	1	  1
162, [2] s.	 164	NA	1	  1
475, [3] s., 2 muotokuvaa	 478	NA	1	  1
S. 113-207.	  95	NA	1	  1
[2] s., s. 33-44	  14	NA	1	  1
[4], 109 s.	 113	NA	1	  1
[4], 65, 110, 7, 73, 7, 3 s.	 114	NA	1	  1
VIII, 421 s.	 429	NA	1	  1
107 s., 5 kuval.	 117	NA	1	  1
XIX, 205, [1] s., kuvalehti	 229	NA	1	  1
248 s., 2 kuval.	 252	NA	1	  1
67 s., 2 kartor	  71	NA	1	  1
445 s.	 445	NA	1	  1
S. [2], 25-48	  26	NA	1	  1
[6], 205 s.	 211	NA	1	  1
[VII], 135 s.	 142	NA	1	  1
[2], 149 s.	 151	NA	1	  1
572 s.	 572	NA	1	  1
VII, 243 s.	 250	NA	1	  1
[32] s. (s. [32] tyhjä	  32	NA	1	  1
46 s., 11 kuvalehteä.	  68	NA	1	  1
413 s.	 413	NA	1	  1
[2], II, 112 s., 1 tab.	 118	NA	1	  1
[2], 72, [1] s.	  75	NA	1	  1
[2], 65 s.	  67	NA	1	  1
667 s.	 667	NA	1	  1
[8], 196 s.	 204	NA	1	  1
[100], XIV s.	 114	NA	1	  1
46  s.	  46	NA	1	  1
[4], 55, [3] s.	  62	NA	1	  1
13 lehteä	  26	NA	1	  1
8 s. 8:o.	  62	NA	1	  1
2[-?] lehteä	  10	NA	1	  1
39 s., 1 kuvaliite	  39	NA	1	  1
[4] s., s. [25]-39, [1] s.	  20	NA	1	  1
[16], 171, [1] s.	 188	NA	1	  1
[8], 509 s.	 517	NA	1	  1
127 s., [2] karttas.	 131	NA	1	  1
IX, 138, 83, [1] s.	 148	NA	1	  1
[4], [1] 2-124 s.	 128	NA	1	  1
XIX, 368, [32] s.	 419	NA	1	  1
111, [1] s., 4 liitettä.	 112	NA	1	  1
[4], 35 s., 1 tab.	  41	NA	1	  1
[5], IV, 232 s., 10 pl., 9 tabb.	 241	NA	1	  1
458 s.	 458	NA	1	  1
S. 227-560, 5 kuvaliitettä	 344	NA	1	  1
[252] s.	 252	NA	1	  1
[10], 98 s., 1 kartta	 110	NA	1	  1
490, 125 s.	 490	NA	1	  1
[1-3] 4-12 s. (s. [2] tyhjä)	  12	NA	1	  1
1 pl.	   2	NA	1	  1
[2], 219, [4] s.	 225	NA	1	  1
122 s., 4 kuvaa	 130	NA	1	  1
[199] s.	 199	NA	1	  1
[6], 485 s.	 491	NA	1	  1
912 s.	 912	NA	1	  1
S. 257-412.	 156	NA	1	  1
[4] s., s. 613-1053.	 445	NA	1	  1
[16 s.].	  16	NA	1	  1
[6], [1] 2-207 [208-210] s.	 217	NA	1	  1
[4], 21, [3] s.	  28	NA	1	  1
[2], [1] 2-420 s.	 422	NA	1	  1
S. 25-77.	  53	NA	1	  1
184, [1] s.	 185	NA	1	  1
[4], 85 s.	  89	NA	1	  1
446 s.	 446	NA	1	  1
[497] s.	 497	NA	1	  1
56, [1] p., [2] leaves of plates	  61	NA	1	  1
[4] s., s. 17-30	  18	NA	1	  1
184 s., 11     kuval.	 206	NA	1	  1
XV, 256, [1] s., 2 kuvaliitettä	 276	NA	1	  1
[4], 147, [1] p., [2] leaves of plates	 156	NA	1	  1
214 s.	 214	NA	1	  1
[2], 217, [1], XVIII s.	 238	NA	1	  1
[84], [1] 2-144 s.	 228	NA	1	  1
[54-?] s.	  54	NA	1	  1
[8], 81 s.	  89	NA	1	  1
[2], II, 205 s.	 209	NA	1	  1
S. [17]-40	  24	NA	1	  1
518 s.	 518	NA	1	  1
[2], 42, [3] s.	  47	NA	1	  1
[4], 165, [1] s., 24 kuvaa	 218	NA	1	  1
[6], [1] 2-858 s.	 864	NA	1	  1
[4], 156 s.	 160	NA	1	  1
[2], [1] 2-24 s. (s. [2] tyhjä)	  28	NA	1	  1
[8], 92, XII s.	 112	NA	1	  1
[84?] s.	  84	NA	1	  1
[2], 583, [1] s., 6 kuvalehteä	 598	NA	1	  1
253 s.	 253	NA	1	  1
352, [10] s.	 362	NA	1	  1
254, [1] s.	 255	NA	1	  1
[6], 116 s.	 122	NA	1	  1
[46] s. (s. [2] tyhjä)	  46	NA	1	  1
[4], IV, 602, [1] s.	 611	NA	1	  1
[8], 43, [1] s.	  52	NA	1	  1
1 kartblad	   2	NA	1	  1
[4], 116 s., 2 kuvaa	 124	NA	1	  1
264 s., 7 kuvaa	 278	NA	1	  1
[1-3] 4-8 s. (s. [2] tyhjä)	   8	NA	1	  1
[2], 165 s.	 167	NA	1	  1
[16], [1] 2-170 [171-176] s.	 193	NA	1	  1
S. 167-208.	  42	NA	1	  1
[4], 62 s.	  66	NA	1	  1
660 s.	 660	NA	1	  1
[2], 75 s.	  77	NA	1	  1
[4] s., s. 17-32, [4] s.	  24	NA	1	  1
[6], 59, [5] s.	  70	NA	1	  1
VIII, 105 s.	 113	NA	1	  1
22 s., 13 pl.	  48	NA	1	  1
[4], 252, [3] s.	 259	NA	1	  1
VII, 143 s. ; 18 cm.	 150	NA	1	  1
12 malliliitettä	  24	NA	1	  1
[8], 121 s.	 129	NA	1	  1
S. 2-24.	  23	NA	1	  1
[4], 64 s.	  68	NA	1	  1
[4], 409 s.	 413	NA	1	  1
IV, 61 s.	  65	NA	1	  1
XIV, 125, [3] s.	 142	NA	1	  1
[1-2] 3-24 s.	  24	NA	1	  1
[6], [1] 2-24 s.	  30	NA	1	  1
[4], [20], [24], [24], [16], [24], [24], [24], [20], [16], [20], [20], [20], [12], [16], [16] s.	 300	NA	1	  1
[4], 126 s.	 130	NA	1	  1
115, [1] s.	 116	NA	1	  1
591 s.	 591	NA	1	  1
169, [3] s.	 172	NA	1	  1
S. 155-247, 2 kuval.	  97	NA	1	  1
16 liitelehteä.	  32	NA	1	  1
32, [7] s.	  39	NA	1	  1
[4], 1144 s.	1148	NA	1	  1
[8], 218 s.	 226	NA	1	  1
X, 241 s.	 251	NA	1	  1
[1-5] 6-32 s.	  32	NA	1	  1
VIII, 735 s.	 743	NA	1	  1
139 s., 145 reproduktioner av biljetter.	 139	NA	1	  1
VIII, 100 s., kuvaliite	 108	NA	1	  1
[4], 305, XVII s., 1 illustr.	 326	NA	1	  1
178, [2] s.	 180	NA	1	  1
[4], 175 s.	 179	NA	1	  1
170, [1] s.	 171	NA	1	  1
[4] s., s. 145-160, [4] s.	  24	NA	1	  1
[8] 1-106 117 [po. 107] 108-126 [127-128] s.	 128	NA	1	  1
X, 208 s., 60 karttalehteä	 338	NA	1	  1
S. 3-4.	   2	NA	1	  1
VIII, 243, [3] s.	 254	NA	1	  1
1 kartta neljällä lehdellä	   2	NA	1	  1
244 s. [1] karttalehti (taitettuna)	  62	NA	1	  1
194 s.	 194	NA	1	  1
[8], 46, [2] s.	  56	NA	1	  1
IV, 137 s.	 141	NA	1	  1
556 s.	 556	NA	1	  1
S. [53]-61	   9	NA	1	  1
53, [1], LXXXVI s.	 140	NA	1	  1
Ss. 771-844.	  74	NA	1	  1
[4] s., s. [25]-58	  38	NA	1	  1
[2] s., s. 141-153 153-155 [po. 154-156]	   5	NA	1	  1
614 s., [30] kuvalehteä	 674	NA	1	  1
[3], 137 s., 14 pl.	 168	NA	1	  1
[2], XVI, 264, [2] s.	 284	NA	1	  1
347, [2] s.	 349	NA	1	  1
S. 124-459	 336	NA	1	  1
[8], 271 s.	 279	NA	1	  1
[2], 23 s.	  25	NA	1	  1
VII, 203 s.	 210	NA	1	  1
[8], 13, [3] s.	  24	NA	1	  1
[6], [1] 2-400 [401-410] s.	 417	NA	1	  1
[4], III, 83 s.	  90	NA	1	  1
[4], 91 s.	  95	NA	1	  1
S. 225-445	 221	NA	1	  1
[4], 40 s., 3 pl.	  50	NA	1	  1
[4], 564, [12] s.	 580	NA	1	  1
472 s.	 472	NA	1	  1
187 s., 5 kuvaa, Suomen kartta	 197	NA	1	  1
[2], 1-54, I-LXXX s.	 136	NA	1	  1
[6], 49, [1] s.	  56	NA	1	  1
VII, 95 s.	 102	NA	1	  1
[4], [1] 2-15 [16] s. (s. [16] tyhjä)	  51	NA	1	  1
[1-3] 4-75 [76] s.	  76	NA	1	  1
[8], 449 s.	 457	NA	1	  1
285, [2] s.	 287	NA	1	  1
S. [15-16] 17-36	  36	NA	1	  1
[55] lehteä	 110	NA	1	  1
VII, 447, [6] s., [2] kuvalehteä, [4] karttalehteä, [1] taitekarttalehti	 472	NA	1	  1
100, [1] s.	 101	NA	1	  1
[2], 262, [8] s.	 272	NA	1	  1
[2] s., s. 29-37, [1] s.	  12	NA	1	  1
307 s.	 307	NA	1	  1
127 s., 6 karttaliitettä	 139	NA	1	  1
VI, 192 s.	 198	NA	1	  1
24 silhuetter	  48	NA	1	  1
[8] s. (s. [7-8] tyhjät)	   8	NA	1	  1
219, [4] s.	 223	NA	1	  1
437 s.	 437	NA	1	  1
[8], [1] 2-128 s.	 136	NA	1	  1
xvi, 76 s.	  92	NA	1	  1
120, [1] s., kuval.	 125	NA	1	  1
43 s., 3 pl.	  49	NA	1	  1
[6], 90 s., 2 pl.	 100	NA	1	  1
[2] s., s. 131-142	  14	NA	1	  1
49, 117, [1] s.	 118	NA	1	  1
VII, 289 s.	 296	NA	1	  1
[10], 39, [3] s.	  52	NA	1	  1
246, [2] s.	 248	NA	1	  1
243, [1] s.	 244	NA	1	  1
[4], 236      s.	 240	NA	1	  1
IV, 256 s., [2] kuval.	 264	NA	1	  1
[2], 98 s.	 100	NA	1	  1
[59] s., 1 karta	  61	NA	1	  1
[7] s., s. [27]-77	  58	NA	1	  1
IX, 1218 s.	1227	NA	1	  1
40 s., 8 s. kuvia	  40	NA	1	  1
[2], 40 p.	  42	NA	1	  1
45, [1] s.	  46	NA	1	  1
S. [289-320]	  32	NA	1	  1
[6], 80, [1] s.	  87	NA	1	  1
VIII, 88 s.	  96	NA	1	  1
S. 6-32	  27	NA	1	  1
[8], 300 s., 9 karttalehteä	 326	NA	1	  1
[4], 580 s.	 584	NA	1	  1
[1-2] 3-10 s.	  10	NA	1	  1
IX s., s. 10-126.	 126	NA	1	  1
[4] s., s. 173-294	 126	NA	1	  1
[6], [1] 2-36 [37-38] s.	  45	NA	1	  1
XII, 556 s.	 568	NA	1	  1
[2], 7, 6, [1] s., 12 kuvalehteä.	  34	NA	1	  1
[2], 125 s.	 127	NA	1	  1
241, [1] s.	 242	NA	1	  1
[8], 69 s.	  77	NA	1	  1
248 s., 6 s. runosäveliä, 13 lehteä kuvia, kartta	 274	NA	1	  1
XXII, 273, [1] s.	 296	NA	1	  1
31      s.	  31	NA	1	  1
[4], 204 s.	 208	NA	1	  1
XVII, 399 s.	 416	NA	1	  1
25 s., 4 karttaliitettä	  33	NA	1	  1
887 s.	 887	NA	1	  1
[4], 171 s.	 175	NA	1	  1
[2], 909-1387 [1388] s.	1390	NA	1	  1
[40], 916, [82] s., [1] kuval.	1040	NA	1	  1
42, [2] s.	  44	NA	1	  1
4, [1] s.	   5	NA	1	  1
[8], 106 s.	 114	NA	1	  1
[178] s., 8 tab.	 194	NA	1	  1
[4], 112 s., 1 portr.	 118	NA	1	  1
[4] s., s. 81-160, 3 pl.	  90	NA	1	  1
[4], [1] 2-8 s.	  12	NA	1	  1
[6], 294 s.	 300	NA	1	  1
175, [1] s.	 176	NA	1	  1
[2], 222 s., kartta	 224	NA	1	  1
[4], [1] 2-18  s.	  22	NA	1	  1
20 s., 8 taulua	  36	NA	1	  1
[4], [1] 2-8	  12	NA	1	  1
S. 77-83.	   7	NA	1	  1
[4], 59, [1] s.	  64	NA	1	  1
[2] s., s. 379-434	  58	NA	1	  1
S. 1-16.	  16	NA	1	  1
VIII, 155 s.	 163	NA	1	  1
[8], 149, [3] s.	 160	NA	1	  1
S. 1-30 s.	  30	NA	1	  1
64 s. ; 15 cm.	  64	NA	1	  1
92 s., kuva	  92	NA	1	  1
22, 15 s.	  22	NA	1	  1
24 s., kuvalehti	  28	NA	1	  1
XVI, 112, [4] s., [1] karttalehti (taitettuna)	 134	NA	1	  1
[2], 1-52 s.	  54	NA	1	  1
454 s., 12 kuvalehteä	 478	NA	1	  1
[7], 264 s. ; 21 cm.	 271	NA	1	  1
191, [1] s.	 192	NA	1	  1
[4], 121 s.	 125	NA	1	  1
[235] s.	 235	NA	1	  1
[627] s.	 627	NA	1	  1
[4], 343-399 s.	  61	NA	1	  1
V, 500 s.	 505	NA	1	  1
58, [1] s., 28 kuvaliitettä	 115	NA	1	  1
[4], 138 s.	 142	NA	1	  1
S. 35-51.	  17	NA	1	  1
[2], 10 s., 1 kuvaliite	  12	NA	1	  1
122, [2] s.	 124	NA	1	  1
Kollaatio avoin	  67	NA	1	  1
[2] s., s. 25-56 s.	  34	NA	1	  1
[4], 37, [3] s.	  44	NA	1	  1
[1-2] [3-48] s.	  48	NA	1	  1
32 s., taulu, karttaliite.	  32	NA	1	  1
23, [1] s.	  24	NA	1	  1
[4], 41, [1] s.	  46	NA	1	  1
S. 1-432.	 432	NA	1	  1
16, 70 s.	  70	NA	1	  1
[4] s., s. 241-256, [4] s.	  24	NA	1	  1
[12], 39, [1] s.	  52	NA	1	  1
[29] s.	  29	NA	1	  1
84 s., karttaliite	  84	NA	1	  1
[104] s.	 104	NA	1	  1
[10], 99, 31 s.	 109	NA	1	  1
XIV, [2], 124 s.	 140	NA	1	  1
[2] s., s. [25]-58	  36	NA	1	  1
[7], 94 s.	 101	NA	1	  1
452, [2] s.	 454	NA	1	  1
[12], 59, [3] s., [1] kuvalehti	  76	NA	1	  1
[4], 51, [8] s.	  63	NA	1	  1
11 s., 1 muotokuva	  11	NA	1	  1
13 foliopalstaa	   4	NA	1	  1
244, 88 s., 6 lehteä (taitettuina), [1] karttalehti (taitettuna)	 258	NA	1	  1
[5], 8 s.	  13	NA	1	  1
S. 49-144	  96	NA	1	  1
S. 1-336, 2 kuva- ja 2 karttaliitettä	 340	NA	1	  1
218, VII s.	 225	NA	1	  1
[12], 103, [5] s.	 120	NA	1	  1
92, [3] s.	  95	NA	1	  1
S. [17]-31, [1] s.	  16	NA	1	  1
29 s., 2 taulukkoliitettä	  29	NA	1	  1
[2] s., s. 19-41, [1] s.	  26	NA	1	  1
66 s., [66] kuvas.	  66	NA	1	  1
XV, 562 s., [2] kuval.	 581	NA	1	  1
12 blad.	  24	NA	1	  1
[2], V, 349 s.	 356	NA	1	  1
XV, 332 s.	 347	NA	1	  1
S. 305-720.	 416	NA	1	  1
143 s., 4 kuvaa	 151	NA	1	  1
15, [15], 17 s.	  32	NA	1	  1
[2] s., s. 35-48	  16	NA	1	  1
375 s., [2] kuvalehteä	 379	NA	1	  1
465 s.	 465	NA	1	  1
[4], 106 s.	 110	NA	1	  1
VIII, 236 s.	 244	NA	1	  1
30 palstaa [15 s.], kuva	  10	NA	1	  1
IX, 266 s.	 275	NA	1	  1
xxxv, 273 p.	 308	NA	1	  1
XI, [1], 80 s.	  92	NA	1	  1
[2], 1-80 s. (s. [2] tyhjä)	  82	NA	1	  1
s. 91-103.	  13	NA	1	  1
[6], 148 s., 2 kuvaliitettä, 1 karttaliite	 160	NA	1	  1
IV, 481 s.	 485	NA	1	  1
[?] s., s. [257-288], [?] s.	  32	NA	1	  1
V, 170 s.	 175	NA	1	  1
55 s., 2 karttaliitettä	  59	NA	1	  1
[1] 2-16 s.	  16	NA	1	  1
406, [2] s.	 408	NA	1	  1
S. 41-88.	  48	NA	1	  1
[8], 218, [3] s.	 229	NA	1	  1
[6], [29] s.	  35	NA	1	  1
VII, 463 s.	 470	NA	1	  1
4, 4 s.	   4	NA	1	  1
370 s., 16 s. kuvia	 370	NA	1	  1
[8], 38, [2] s.	  48	NA	1	  1
107, [2] s.	 109	NA	1	  1
[4] s., s. 21-32	  16	NA	1	  1
S. [?], [33-64], [?]	  32	NA	1	  1
[4], 21, [7] s.	  32	NA	1	  1
[4], [1] 2-52 s.	  56	NA	1	  1
223 s. +	 223	NA	1	  1
170, [1] s., taululiite	 171	NA	1	  1
[12], 858, [18] s.	 888	NA	1	  1
[10], 62, [6] s.	  78	NA	1	  1
XXXIV, 220, 4 s.	 254	NA	1	  1
16 s., annonser.	  16	NA	1	  1
[2], 199 s.	 201	NA	1	  1
[2], 67 s.	  69	NA	1	  1
88  s.	  88	NA	1	  1
[2] s., s. 73-118	  48	NA	1	  1
[4], 310 s., 4 kuvalehteä	 322	NA	1	  1
9, 7 s.	   9	NA	1	  1
[22] s.	  22	NA	1	  1
94 s., 1 karta	  96	NA	1	  1
11, [1] s., 2 kuvaliitettä	  16	NA	1	  1
[2], 51 s.	  53	NA	1	  1
128 s. +	 128	NA	1	  1
VIII, 219 s.	 227	NA	1	  1
[20], 111, [36] p., [2] leaves of plates	 171	NA	1	  1
75, [1] s.	  76	NA	1	  1
[2] s., s. 27-52.	  28	NA	1	  1
31, [1], XLII s.	  74	NA	1	  1
XVII, 342 s.	 359	NA	1	  1
77, [1] p., [1] leaf of plates	  80	NA	1	  1
31 s., 13 pl.	  57	NA	1	  1
116, [1] s.	 117	NA	1	  1
[6], 91, [1] s.	  98	NA	1	  1
[2], 421 s.	 423	NA	1	  1
249, [2] s.	 251	NA	1	  1
[6], [1] 2-16 [17-18] s.	  25	NA	1	  1
VII, 193, [2] s.	 202	NA	1	  1
[8], 23, [1] s.	  32	NA	1	  1
[2] s., s. [19]-29, [1] s.	  14	NA	1	  1
[6], 147 s.	 153	NA	1	  1
[12], 25, [3] s.	  40	NA	1	  1
IV, 400 s.	 404	NA	1	  1
4 s., 13 kuvaa	  30	NA	1	  1
VIII, 198 s., [20] karttalehteä (taitettuna)	 246	NA	1	  1
[4], 300 s.	 304	NA	1	  1
[4], 177 s.	 181	NA	1	  1
VII s., s. 9-89.	  88	NA	1	  1
[2], 40, [1] s.	  43	NA	1	  1
[8], 335 s.	 343	NA	1	  1
[4] s., s. 95-110 [po. 65-80]	  20	NA	1	  1
S. 321-342.	  22	NA	1	  1
25, [1] s.	  26	NA	1	  1
[12], 48 s.	  60	NA	1	  1
[6], 142 s.	 148	NA	1	  1
[6], [1] 2-27 [28] s.	  61	NA	1	  1
[4], 346 s.	 350	NA	1	  1
[2], VIII, 93 s.	 103	NA	1	  1
S. [?], [467-480], [?]	  14	NA	1	  1
[1-3] 4-47 [48] s. (s. [48] tyhjä)	  48	NA	1	  1
38, [5] s.	  43	NA	1	  1
ix, 366 s.	 375	NA	1	  1
[1-5] 6-76 s.	  76	NA	1	  1
[24] s. (s. [2] tyhjä)	  24	NA	1	  1
237, [1] s.	 238	NA	1	  1
[2] s., s. 265-272	  10	NA	1	  1
[2] s., s. 129-160, [2] s.	  36	NA	1	  1
[2] s., s. 349-364	  18	NA	1	  1
[4], 163 s.	 167	NA	1	  1
[4], 958 s.	 962	NA	1	  1
[2], 123 s.	 125	NA	1	  1
73 s., [20] kuvalehteä	 113	NA	1	  1
192, [4] s.	 196	NA	1	  1
235 s., muotokuva	 235	NA	1	  1
[34 s.]	  34	NA	1	  1
VII, 100 s., 14 malliliitettä.	 135	NA	1	  1
[6], 141 s.	 147	NA	1	  1
[4], 14, [2] s.	  20	NA	1	  1
589 s.	 589	NA	1	  1
[3], 22 s.	  25	NA	1	  1
[1-2] 3-7 [8] s.	   8	NA	1	  1
2 vihkoa (78 s.)	  78	NA	1	  1
[1-3] 4-35 [36-40] s. (s. [40] tyhjä)	  40	NA	1	  1
S. 1-22.	  22	NA	1	  1
[8], 190 s.	 198	NA	1	  1
[36], 1-208 [209-224] s.	 260	NA	1	  1
[2?], [1] 2-118 s.	 120	NA	1	  1
[20], 464 s.	 484	NA	1	  1
91, [3] s.	  94	NA	1	  1
[4], 16 [po. 17], [5] s.	  26	NA	1	  1
[4], 37 s.	  41	NA	1	  1
X, 312 s.	 322	NA	1	  1
[1] 2-111 [112] s. (s. [112] tyhjä)	 335	NA	1	  1
[4], 1-48 [49-50] s.	  54	NA	1	  1
78, [1] s.	  79	NA	1	  1
XXIV, 317 s.	 341	NA	1	  1
316 s., [1] kuvalehti	 318	NA	1	  1
4, 47 s.	  47	NA	1	  1
VIII, 329 s.	 337	NA	1	  1
VIII, 241, [1] s.	 250	NA	1	  1
196 s., 2 muotokuvaa	 196	NA	1	  1
IX, [1], 132 s.	 142	NA	1	  1
[2], 49 s.	  51	NA	1	  1
[16], [1-3] 4-257 [258-352] s.	 368	NA	1	  1
30, [1] s.	  31	NA	1	  1
[2], [1] 2-31 [32] s.	  65	NA	1	  1
V, 136 s.	 141	NA	1	  1
[2], II, 170 s.	 174	NA	1	  1
461 s.	 461	NA	1	  1
VII, 380 s.	 387	NA	1	  1
74, [1] s.	  75	NA	1	  1
[2], VI, 348 s., 6 kuvalehteä.	 368	NA	1	  1
S. 1078-1176	  99	NA	1	  1
[4], 24, [2] s.	  30	NA	1	  1
S. 107-128.	  22	NA	1	  1
582 s.	 582	NA	1	  1
378, 7 s., 38 pl., 3 kartor	 384	NA	1	  1
VII, 206, [1] s.	 214	NA	1	  1
83, [1] s.	  84	NA	1	  1
[2], 128 s.	 130	NA	1	  1
[3], 171 s.	 174	NA	1	  1
[2], 138 s.	 140	NA	1	  1
[4], 76, 70, [1] s., 2 tab.	  85	NA	1	  1
[2], 40, [2] s.	  44	NA	1	  1
[1-3] 4-21 23 [po. 22] [23-24] s.	  24	NA	1	  1
[21 s.]	  21	NA	1	  1
IV, [2], 292 s.	 298	NA	1	  1
[1] 2-12 s.	  12	NA	1	  1
VI, 266 s.	 272	NA	1	  1
VII, 171 s.	 178	NA	1	  1
[1-5] 6-336 s.	 336	NA	1	  1
278 s.	 278	NA	1	  1
[8], 44, [12] s.	  64	NA	1	  1
[6], [1] 2-26 s.	  32	NA	1	  1
XXIV, 264 s., [1] kuvalehti	 290	NA	1	  1
[1-48]	  48	NA	1	  1
XVI, 366 s.	 382	NA	1	  1
274 s.	 274	NA	1	  1
[8], 72, [2] p., [1] leaf of plates	  84	NA	1	  1
[2], 144 s., muotokuva	 146	NA	1	  1
VI, 238 s.	 244	NA	1	  1
[6], 154 s.	 160	NA	1	  1
[2] s., s. [29]-44	  18	NA	1	  1
[1-2] 3-24 s. (s. [2] tyhjä)	  24	NA	1	  1
V, [1], 140 s.	 146	NA	1	  1
212, [1] s.	 213	NA	1	  1
S. 239-251	  13	NA	1	  1
62, [2] s.	  64	NA	1	  1
[VIII], 134 s.	 142	NA	1	  1
[4], 195 s.	 199	NA	1	  1
[8], [1-3] 4-648 s.	 656	NA	1	  1
X, 200, 71, 88 s.	 210	NA	1	  1
[6], 73 s., 20 kuvalehteä ja karttaliite	 119	NA	1	  1
S. 1-X.	  10	NA	1	  1
26 s., 5 pl.	  36	NA	1	  1
[8], 479 s.	 487	NA	1	  1
[2] s., s. 41-56	  18	NA	1	  1
[2 s.]	   2	NA	1	  1
443 s.	 443	NA	1	  1
11 s., 4 s. kuvia	  11	NA	1	  1
[4], 171, [1] s., 1 kuvaliite	 176	NA	1	  1
756 s.	 756	NA	1	  1
[6] s. (s. [2] tyhjä)	   6	NA	1	  1
S. [2], 9-16	  10	NA	1	  1
122 s., 1 karttal.	 124	NA	1	  1
[16], [1] 2-77 [78-80] s.	  97	NA	1	  1
498 s.	 498	NA	1	  1
258, IV s.	 262	NA	1	  1
[2], 168 s.	 170	NA	1	  1
[1] s., s. 193-208	  17	NA	1	  1
Sid. 29-36.	   8	NA	1	  1
[2], 87, [1] s.	  90	NA	1	  1
[2], 484, [1] s.	 487	NA	1	  1
[4], [1] 2-58 [59-61] 62-90 [91-93] 94-140 [141-143] 144-194 [195-197] 198-322 [323-325] 326-358 [359-361] 362-449 [450] s. (s. [450] tyhjä)	1354	NA	1	  1
[4], 34 s.	  38	NA	1	  1
[8], 415 s., 11 kuvalehteä.	 445	NA	1	  1
S. [4], 397-666 [667-668] s. (s. [667-668] tyhjät)	 672	NA	1	  1
50 s., 4 kuvalehteä	  58	NA	1	  1
Sid. 205-225.	  21	NA	1	  1
[2], 362 s.	 364	NA	1	  1
S. 413-537 s.	 125	NA	1	  1
[4], [1] 2-30	  34	NA	1	  1
21 [po. 20] s.	  20	NA	1	  1
S. 218-302, 4 karttaliitettä	  93	NA	1	  1
[8], 25, [5] s.	  38	NA	1	  1
228, [1] s.	 229	NA	1	  1
[4], 206 s.	 210	NA	1	  1
38 s., 6 lehteä tauluja.	  38	NA	1	  1
768 s.	 768	NA	1	  1
136, [1] s.	 137	NA	1	  1
[2], XI, [1], 35 s.	  49	NA	1	  1
103 s., 4 kuvalehteä, 1 kartta	 113	NA	1	  1
[2] s., s. 15-22	  10	NA	1	  1
98, [8] s.	 106	NA	1	  1
[3], 52 s.	  55	NA	1	  1
179 s., muotokuva	 179	NA	1	  1
VI, 211 s.	 217	NA	1	  1
1176 s.	1176	NA	1	  1
541 s.	 541	NA	1	  1
[4] s., s. 129-160	  36	NA	1	  1
[4], 99 s.	 103	NA	1	  1
[6], 189 s., 51 pl., 1 karta	 197	NA	1	  1
101 s., [3] ilmoitussivua	 101	NA	1	  1
16, 9 s.	  16	NA	1	  1
[2] s., s. 137-203	  69	NA	1	  1
[8], [1] 2-22 [23-24] s.	  33	NA	1	  1
[1-2] 3-14 s.	  14	NA	1	  1
[2] s., s. 105-120, [2] s.	  20	NA	1	  1
[2], II, 363 s.	 367	NA	1	  1
29 s., karttaliite	  29	NA	1	  1
146 s., 1 karttaliite	 148	NA	1	  1
282, [1] s.	 283	NA	1	  1
78, [1] s., 7 pl.	  93	NA	1	  1
XII, 98, [2] s.	 112	NA	1	  1
61, [2] s., muotokuva	  63	NA	1	  1
VI, [2], 632 s.	 640	NA	1	  1
[4], 57 s.	  61	NA	1	  1
[8], 83 s.	  91	NA	1	  1
[IX], 104	 113	NA	1	  1
[4], 129 s.	 133	NA	1	  1
66, [6] s.	  72	NA	1	  1
[4], 205, [2] s.	 211	NA	1	  1
S. 96-111	  16	NA	1	  1
740 s.	 740	NA	1	  1
21 s., 4 kuvaa	  29	NA	1	  1
300 s.	 300	NA	1	  1
IX, 564 s., 3 kuvalehteä	 579	NA	1	  1
39 lehteä	  78	NA	1	  1
283, [1] s.	 284	NA	1	  1
166, [1] s., [1] kuval.	 169	NA	1	  1
[4], 79 s., 2 taulukkoliitettä	  83	NA	1	  1
[16] s., 16 kuvalehteä	  48	NA	1	  1
XXVII, 400 s., [1] lehti (taitettuna)	 429	NA	1	  1
S. [2], 193-216, [2]	  28	NA	1	  1
[2], [1] 2-168 s.	 170	NA	1	  1
[8], 446 s., 1 portr.	 456	NA	1	  1
52 s. 16:o.	  62	NA	1	  1
[2], 180 s.	 182	NA	1	  1
[8], 256 s., 12 kuvaa ja kartta	 288	NA	1	  1
VIII, 481 s.	 489	NA	1	  1
973 s.	 973	NA	1	  1
[2], 19, [1] s.	  22	NA	1	  1
90 s., 2 karttaliitettä	  94	NA	1	  1
459 s.	 459	NA	1	  1
[4], 95 s.	  99	NA	1	  1
320 s. (10 n:roa)	  62	NA	1	  1
54 s., 3 kuval.	  60	NA	1	  1
[1], 10 s.	  11	NA	1	  1
S. [4], [17] 18-28 [29-30]	  51	NA	1	  1
IV, 170 s.	 174	NA	1	  1
VIII, 296 s.	 304	NA	1	  1
XI, 502 s.	 513	NA	1	  1
S. 65-80.	  16	NA	1	  1
[4], 238, [2] s.	 244	NA	1	  1
45, [2] s., 16 taululiitettä	  47	NA	1	  1
[4], 401 s.	 405	NA	1	  1
IV, 136 s.	 140	NA	1	  1
514 s.	 514	NA	1	  1
[1-2] 3-44 [45-48] s. (s. [48] tyhjä)	  48	NA	1	  1
XI, 294, [1] s., karttaliite	 306	NA	1	  1
83, [1] s., 1 kuvaliite	  84	NA	1	  1
XL, 475, 154 s., [23] karttelehteä (taitettuna)	 515	NA	1	  1
XXXV, 281 s.	 316	NA	1	  1
S. [2], 383-430, [2]	  52	NA	1	  1
S. 139-180	  42	NA	1	  1
[6], 211 s., 5 kuvaliitettä, 1 karttaliite	 229	NA	1	  1
215 s., 7 taulua, 2 karttaa	 233	NA	1	  1
12 vihkoa (940 s.)	 940	NA	1	  1
VIII, 96 s.	 104	NA	1	  1
[59] s.	  59	NA	1	  1
71 s., muotokuva	  71	NA	1	  1
[4], 79, [1] s.	  84	NA	1	  1
[2], [1-3] 4-152 s.	 154	NA	1	  1
XV, 574 s.	 589	NA	1	  1
3 nid. (16, 16, 16 s.)	  48	NA	1	  1
587 s.	 587	NA	1	  1
[3], II, 334 s.	 339	NA	1	  1
60, [4] s.	  64	NA	1	  1
[4], [1] 2-13 [14] s.	  31	NA	1	  1
[30] s.	  30	NA	1	  1
202, [1] s.	 203	NA	1	  1
[6], 176, XXXV s., [2] kuvalehteä	 221	NA	1	  1
[8], 468 s.	 476	NA	1	  1
117, [2] s.	 119	NA	1	  1
[156] s.	 156	NA	1	  1
VI, 246 s.	 252	NA	1	  1
III, 37 s.	  40	NA	1	  1
VII, 372 s.	 379	NA	1	  1
[8 s.].	   8	NA	1	  1
[20], [1] 2-864 s.	 884	NA	1	  1
273, [3], 7 s.	 276	NA	1	  1
343 s.	 343	NA	1	  1
142, [1] s.	 143	NA	1	  1
101 s., 1 kartta	 103	NA	1	  1
[6], 10 s.	  16	NA	1	  1
[1-3] 4-24 s.	  24	NA	1	  1
[2], 1-27 [28] s. (s. [2] tyhjä)	  30	NA	1	  1
214 s., 1 portr.	 216	NA	1	  1
[2], [1-2] 3-10 s.	  12	NA	1	  1
[4], [1] 2-355 [356] s. (s. [356] tyhjä)	1071	NA	1	  1
41 s. +	  41	NA	1	  1
749 s.	 749	NA	1	  1
60, [1] s.	  61	NA	1	  1
180 s., muotokuva	 180	NA	1	  1
275 s.	 275	NA	1	  1
S. 46-66.	  21	NA	1	  1
191 s., [1] kuvalehti	 193	NA	1	  1
[6], 42 s.	  48	NA	1	  1
5, 678, [1] s.	 679	NA	1	  1
IX, 36 s.	  45	NA	1	  1
V, 194 s.	 199	NA	1	  1
XII, 279 s., kuvalehti	 295	NA	1	  1
67, [1] s.	  68	NA	1	  1
[4], 405 s.	 409	NA	1	  1
[6], 104 s.	 110	NA	1	  1
49, [1] s.	  50	NA	1	  1
26, 26, 29 s., 53 pl.	 135	NA	1	  1
56 s., [1] karttalehti, [1] pohjapiirros	  58	NA	1	  1
S. 1880-1897.	  18	NA	1	  1
[1-7] 8-51 [52] s. (s. [52] tyhjä)	  52	NA	1	  1
22 s., 1 kuvaliite	  22	NA	1	  1
[1-3] 4-23 [24] s.	  24	NA	1	  1
426 s.	 426	NA	1	  1
VII, 458 s., 4 kartor	 473	NA	1	  1
[2] s., s. 25-32, 7-8	  34	NA	1	  1
14 s., 2 taulukkoa	  14	NA	1	  1
[1566] s.	1566	NA	1	  1
[4] s., s. 77-92	  20	NA	1	  1
VI, 318 s.	 324	NA	1	  1
S. 173-304.	 132	NA	1	  1
64, 72 s.	  72	NA	1	  1
S. 129-216	  88	NA	1	  1
[1-3] 4-20 [21-24] s.	  24	NA	1	  1
23 s., 1 karttaliite	  25	NA	1	  1
VIII, 198 s.	 206	NA	1	  1
12 taulua	  24	NA	1	  1
18, [7] s.	  25	NA	1	  1
S. [?], [209-224], [?]	  16	NA	1	  1
S. 94-106	  13	NA	1	  1
X, 312 s. [3] kuvalehteä, [1] kuvalehti taitettuna, [1] karttalehti taitettuna	  14	NA	1	  1
[2], [1] 2-9 [10] s. (s. [10] tyhjä)	  31	NA	1	  1
[16 ...?] s.	  50	NA	1	  1
4 s., 6 kuvaa	  16	NA	1	  1
[332] s.	 332	NA	1	  1
[1] s., s. 5-12	   9	NA	1	  1
59 s., 1 tab.	  61	NA	1	  1
[2] s., s. 24-32	  11	NA	1	  1
31 lehteä	  62	NA	1	  1
[5], 140 s.	 145	NA	1	  1
[4], [1] 2-46 [47-48]  s.	  53	NA	1	  1
VII, 316, [34] s., [14] karttalehteä (osa taitettuina)	 385	NA	1	  1
1/2 arkkia	   2	NA	1	  1
[2] s., s. [829-844]	  18	NA	1	  1
[2], 89 s.	  91	NA	1	  1
[2], IV, [4], 20, [2], 155, [4] s.	 171	NA	1	  1
[32], 559, [1] s.	 592	NA	1	  1
[12], 436 [po.448], [4] s.	 464	NA	1	  1
[2] s., s. 458-489, [2] s.	  36	NA	1	  1
672 s.	 672	NA	1	  1
S. 421-428, 1 taulukkol.	   8	NA	1	  1
15 s. +	  15	NA	1	  1
[4], 337 s.	 341	NA	1	  1
17 lehteä	  34	NA	1	  1
62  s.	  62	NA	1	  1
[4], 237, [2] s.	 243	NA	1	  1
IV, 150 s.	 154	NA	1	  1
418 s., 24 kuvaa ja 2 karttaa	 470	NA	1	  1
[2], 18 p.	  20	NA	1	  1
226, [4] s.	 230	NA	1	  1
[8], [1] 2-198 [199-204] s.	 213	NA	1	  1
302 s.	 302	NA	1	  1
[3], 118, [2] s.	 123	NA	1	  1
[6], 528 s., 12 taululiitettä	 534	NA	1	  1
4:o.	  62	NA	1	  1
[8], 231 s., 7 pl., 1 karta	 241	NA	1	  1
S. 9-16, [1]	   9	NA	1	  1
[2], V, 133, 97 s.	 140	NA	1	  1
[415] s.	 415	NA	1	  1
IV, 128 s.	 132	NA	1	  1
S. 133-203	  71	NA	1	  1
VI, 233 s.	 239	NA	1	  1
574 s.	 574	NA	1	  1
[2] s., s. 13-26	  16	NA	1	  1
32 s., 1 taulukkoliite	  32	NA	1	  1
[789 s.], 7 kuvalehteä	 803	NA	1	  1
XVI, 356, XXI s.	 377	NA	1	  1
[4], 262 s.	 266	NA	1	  1
[1-3] 4-12 15 [po. 13] 14-22 25 [po. 23] 24-38 59 [po. 39] 40-54 58 [po. 55] 56-96 s.	  96	NA	1	  1
13 nid. (127 s.)	 127	NA	1	  1
XVI, 402 s.	 418	NA	1	  1
251, [1] s.	 252	NA	1	  1
XV, 644, [2] s.	 661	NA	1	  1
[16], [1] 2-64 s.	  80	NA	1	  1
[14], 53, [3] s.	  70	NA	1	  1
150, [1] s.	 151	NA	1	  1
[?] s.	   4	NA	1	  1
142, [1], 4 s., kuval.	 147	NA	1	  1
S. 925-964.	  40	NA	1	  1
S. [?], [217-224], [?]	   8	NA	1	  1
[4], lx, 537, [3] p.	 604	NA	1	  1
410, [1] s., muotokuva	 411	NA	1	  1
[193] s.	 193	NA	1	  1
[2], VIII, 286 s.	 296	NA	1	  1
294 s., kuva	 294	NA	1	  1
48 s., 8 kuvalehteä	  64	NA	1	  1
26, [2] p.	  28	NA	1	  1
32, [2] s., 6 kuval.	  46	NA	1	  1
S. 329-352.	  24	NA	1	  1
[2], [1] 2-88 s.	  90	NA	1	  1
[6], 20 s.	  26	NA	1	  1
[2], 96 s.	  98	NA	1	  1
X, 186 s., 81 kuvaa	 358	NA	1	  1
944 s.	 944	NA	1	  1
[4], 264, [2] s. +	 270	NA	1	  1
[1-2] 3-119 [120]	 120	NA	1	  1
119 p.	 119	NA	1	  1
170 s., 1 karta	 172	NA	1	  1
102, V s.	 107	NA	1	  1
[8], [1] 2-992 s.	1000	NA	1	  1
8. s.	   8	NA	1	  1
[1-3] 4-15 [16] s.	  16	NA	1	  1
[4], 212, 62, [1] s.	 217	NA	1	  1
[6], [1-3] 4-278 [279-282] ; useita sivunumeroimattomia jaksoja, useita sivunumerointivirheitä	 288	NA	1	  1
[256] s.	 256	NA	1	  1
[105] s.	 105	NA	1	  1
[8], 241 s.	 249	NA	1	  1
[1-2], 3-12 s.	  12	NA	1	  1
S. [33]-47 s.	  15	NA	1	  1
[1-3] 4-10 [-?] s.	  10	NA	1	  1
159, [1] s.	 160	NA	1	  1
96 s., 5 pl.	 106	NA	1	  1
197 s.	 197	NA	1	  1
448 s.	 448	NA	1	  1
[10], [3] 4-262 s.	 272	NA	1	  1
360 s.	 360	NA	1	  1
293 s., 16 kuvalehteä	 325	NA	1	  1
[2], VII, 184 s.	 193	NA	1	  1
[4], 59 s.	  63	NA	1	  1
[223 s.]	 223	NA	1	  1
VI, 168 s., 8 pl., 1 karta	 176	NA	1	  1
[4], 48 s.	  52	NA	1	  1
[2] s., s. 173-180	  10	NA	1	  1
S. 141-320	 180	NA	1	  1
[4], 145 s., 1 karta	 151	NA	1	  1
[1-5] 6-128 s.	 128	NA	1	  1
[6], [1] 2-101 [102] s.	 209	NA	1	  1
[6] s., s. [45]-82	  44	NA	1	  1
IX + 313 s.	 322	NA	1	  1
[2], II, 99, 27 s., 24 taululiitettä	 103	NA	1	  1
[24], [?],432	 456	NA	1	  1
VIII, 156, [4] s., 14 pl.	 196	NA	1	  1
[10], 26 s.	  36	NA	1	  1
[6], 195 s.	 201	NA	1	  1
76, [4] s.	  80	NA	1	  1
[2], 244 s.	 246	NA	1	  1
[12] s	  12	NA	1	  1
205 s., [2] karttas. (taitettuna), [1] karttal. (taitettuna)	 211	NA	1	  1
VIII, 764 s.	 772	NA	1	  1
S. [41]-59	  19	NA	1	  1
32 s.,[6] kuval.	  44	NA	1	  1
[4], 100 s.	 104	NA	1	  1
[2] s., s. 298-313 [po. 299-314]	  18	NA	1	  1
[?], [8], 1-32, 1-72, 1-116, 1-99 [100], 1-104, 1-119 [120], 1-64, 1-116, 1-24, [1] 2-92, 1-48, 1-172, 1-111 113 [po. 112], 1-126 [127-128] s.	 401	NA	1	  1
97 s., 7 kuval., 2 karttal.	 115	NA	1	  1
[43], [1-5] 6-102 [103-113] s.	 156	NA	1	  1
S. [4], 257-272, [4]	  24	NA	1	  1
[4] s., s. 113-128, [2] s.	  22	NA	1	  1
[275] s.	 275	NA	1	  1
[8], 40 s.	  48	NA	1	  1
118, [1] s.	 119	NA	1	  1
276 leaves	 552	NA	1	  1
446 s., 3 taulua	 452	NA	1	  1
S. [153]-184	  32	NA	1	  1
[17 po. 116] s.	 116	NA	1	  1
98, [2] s.	 100	NA	1	  1
[2], 15 s.	  17	NA	1	  1
S. I-VII, 189-420.	 239	NA	1	  1
122, [1] s.	 123	NA	1	  1
[2], 119 s.	 121	NA	1	  1
24 s., 4 kuval.	  32	NA	1	  1
[6], 410 s.	 416	NA	1	  1
[2] s., s. 25-32	  10	NA	1	  1
[4] s., s. [35] 36-78	  82	NA	1	  1
[2] s., 50, [2] s.	  54	NA	1	  1
[4], 351, [3] s.	 358	NA	1	  1
[1-2] 3-21 [22] s. (s. [22] tyhjä)	  22	NA	1	  1
487, 126, [1] s.	 488	NA	1	  1
86 s., 2 lehteä karttoja	  86	NA	1	  1
98, [3] s.	 101	NA	1	  1
132 s., annonser, 10 vykort.	 132	NA	1	  1
[8], 1-199 [200] s.	 208	NA	1	  1
3 osaa (XXIII, 226 s.) (X, 272 s.) (XXII, 420 s.)	 443	NA	1	  1
[4], 159 s., 1 karta	 165	NA	1	  1
128, [141], [123] s.	 392	NA	1	  1
39, [2] s., 1 kuvaliite	  41	NA	1	  1
[5], 237 s.	 242	NA	1	  1
[4], 634, XI s.	 649	NA	1	  1
S. [13-14] 15-20	  20	NA	1	  1
[2] s., s. 381-396	  18	NA	1	  1
[438] s.	 438	NA	1	  1
V, 93, [1] s.	  99	NA	1	  1
719 s.	 719	NA	1	  1
S. 273-290.	  18	NA	1	  1
[1-2] 3-80 s. (s. [2] tyhjä)	  80	NA	1	  1
[9], 110, [2], 165 s.	 176	NA	1	  1
IV, 102 s.	 106	NA	1	  1
V, 85 s.	  90	NA	1	  1
60 s., 42 karttal.	 144	NA	1	  1
193, [2] s.	 195	NA	1	  1
VIII, 244 s.	 252	NA	1	  1
[4], VIII, 108 p., [37] leaves of plates	 194	NA	1	  1
53, [10] s., 5 taululiitettä	  63	NA	1	  1
12, [3] s.	  15	NA	1	  1
[1-3] 4-78 s.	  78	NA	1	  1
392 s.	 392	NA	1	  1
[1-2] 3-76 s.	  76	NA	1	  1
VI, [2], 432 s., värilehti	 440	NA	1	  1
463 s.	 463	NA	1	  1
5, [1] s., 1 karttal.	   8	NA	1	  1
IV, 389, [8], 512 s.	 524	NA	1	  1
VI, 246 s., karttaliite	 252	NA	1	  1
[2], 303 s.	 305	NA	1	  1
[4], VII, 362 s.	 373	NA	1	  1
108, [4] s.	 112	NA	1	  1
11 s., kuvalehti	  15	NA	1	  1
[1], 47 s.	  48	NA	1	  1
S. 1-9.	   9	NA	1	  1
[6], 1-23 [24] s. (s. [24] tyhjä)	  30	NA	1	  1
XV, 265 s.	 280	NA	1	  1
[4], 330 s., [1] kuvalehti	 336	NA	1	  1
81, 176, [3] s.	 179	NA	1	  1
Sid. 155-165.	  11	NA	1	  1
407 s.	 407	NA	1	  1
[8] s., s. 401-664	 272	NA	1	  1
S. 129-240.	 112	NA	1	  1
[12], [1] 2-68 s.	  80	NA	1	  1
764 palstaa [382 s.]	  10	NA	1	  1
[4], 142, [2] s.	 148	NA	1	  1
478 s.	 478	NA	1	  1
171 s., 1 kartta	 173	NA	1	  1
[2], 50 s., 1 pl.	  54	NA	1	  1
[1-3] 4-17 [18] s. (s. [18] tyhjä)	  18	NA	1	  1
364 s., 14 kuvaliitettä	 392	NA	1	  1
127 s., 6 kuvaliitettä	 139	NA	1	  1
[6], 74 s.	  80	NA	1	  1
[2] s., s. 557-572	  18	NA	1	  1
60 blad	 120	NA	1	  1
[10], 241 s., 1 pl.	 253	NA	1	  1
18, [44] s., [43] pl. VII s.	  69	NA	1	  1
[1950] s.	1950	NA	1	  1
100   s.	 100	NA	1	  1
[2] s., s. 701-716	  18	NA	1	  1
19, [2] s.	  21	NA	1	  1
[4], VII, 363 s.	 374	NA	1	  1
[2] s., s. 815-846, [2] s.	  36	NA	1	  1
206, [1] s.	 207	NA	1	  1
S. [8], 81-96	  24	NA	1	  1
[4], 302 s.	 306	NA	1	  1
111, [1] s., 14 kuvalehteä	 140	NA	1	  1
101 [2], [1] 2-200 s.	 203	NA	1	  1
IV, 478, [2] s., 1 pl.	 486	NA	1	  1
XXXI s.	  31	NA	1	  1
[4], 323 s.	 327	NA	1	  1
[1-3] 4-182 s.	 182	NA	1	  1
402 s.	 402	NA	1	  1
[10], [1] 2-96 s. (s. [2] tyhjä)	 108	NA	1	  1
[22] s. (s. [2] js [22] tyhjät)	  10	NA	1	  1
IV, 44 s.	  48	NA	1	  1
[6], 88 s.	  94	NA	1	  1
[2], 4 s.	   6	NA	1	  1
[4], 259 s.	 263	NA	1	  1
3 osaa (64, 218, 129 s.)	 411	NA	1	  1
X, [2], 225 s.	 237	NA	1	  1
128 s., 57 muotokuvaa	 128	NA	1	  1
XV, 644, [3] s.	 662	NA	1	  1
[2], III, [1], 73, VII s.	  83	NA	1	  1
[4], 328 s.	 332	NA	1	  1
32 lehteä	  64	NA	1	  1
[i-iii] iv, [1] 2-423 [424-432] s.	 437	NA	1	  1
[2], 13-24 s.	  14	NA	1	  1
136 s., 3 kuvalehteä ja liite	 142	NA	1	  1
S. 1-273, 6 s.	 273	NA	1	  1
137, [1] s., 8 kuvaliitettä, 1 karttaliite	 156	NA	1	  1
[2], IV, 209 s.	 215	NA	1	  1
178, [1] s.	 179	NA	1	  1
VI, [2], 191, [1] s.	 200	NA	1	  1
252, [2] s., 25 kuvaa	 304	NA	1	  1
[6] s., s. 567-1240 s.	 680	NA	1	  1
VI s., s. 248-589, XXIV-LIV, [1] kuvalehti, [3] karttalehteä (taitettuna)	 404	NA	1	  1
XII, 214 s.	 226	NA	1	  1
XII, 360, XX s.	 380	NA	1	  1
38, [2] s., 8 kuvaa	  56	NA	1	  1
982 s.	 982	NA	1	  1
[1-3] 4-30 [31-32] s.	  32	NA	1	  1
106, [2] s.	 108	NA	1	  1
52, [2]    s.	  54	NA	1	  1
[6], 26, [2] s.	  34	NA	1	  1
237, 306, 280, II s.	 308	NA	1	  1
[6], 25, [1] s.	  32	NA	1	  1
68, [6] s.	  74	NA	1	  1
24 lehteä	  48	NA	1	  1
42, [4] s.	  46	NA	1	  1
3 malliliitettä, 18 kuvalehteä	  42	NA	1	  1
[250] s.	 250	NA	1	  1
40 s., karttaliite	  40	NA	1	  1
[2], [1] 2-147 [148-150] s.	 153	NA	1	  1
[4], 175 s., kartta	 179	NA	1	  1
[4], 188 s.	 192	NA	1	  1
291, [2] s.	 293	NA	1	  1
40, XLVII s.	  87	NA	1	  1
IV, 120 s.	 124	NA	1	  1
48 s., 3 pl.	  54	NA	1	  1
254 s.	 254	NA	1	  1
S. 157-167.	  11	NA	1	  1
80 s., muotokuva	  80	NA	1	  1
[4], 140 s.	 144	NA	1	  1
[4], 191 s., pohjapiirros ja karttaliite.	 195	NA	1	  1
319 s.	 319	NA	1	  1
[2], 30 s., [1] kuvalehti taitettuna	  34	NA	1	  1
[8], 131 s.	 139	NA	1	  1
[2] s., s. 47-52 [53-68] s	  70	NA	1	  1
42, [6] s.	  48	NA	1	  1
135, 120 s.	 135	NA	1	  1
23, XI s.	  34	NA	1	  1
346, [3] s.	 349	NA	1	  1
43 s., 1 tab.	  45	NA	1	  1
165 s.	 165	NA	1	  1
[84] s.	  84	NA	1	  1
XXIII, 252 s.	 275	NA	1	  1
VIII, 114 s., muotokuva	 122	NA	1	  1
12 n:roa eli 350 s.	  62	NA	1	  1
135, [1] s.	 136	NA	1	  1
XII, 100 s.	 112	NA	1	  1
265 s.	 265	NA	1	  1
[8], 34, [1], 60, VIII, 38 s.	  77	NA	1	  1
112 s., 56 kuvaa, kuvalehti	 228	NA	1	  1
[2], 40 s., 2 kuvaliitettä	  46	NA	1	  1
[8], [1-3] 4-20 s.	  28	NA	1	  1
[2] lehteä	   4	NA	1	  1
[3], 100 s.	 103	NA	1	  1
[8], 27, [5] s.	  40	NA	1	  1
[6], 31, [3] s.	  40	NA	1	  1
[2] s., s. 160-191, [2] s.	  36	NA	1	  1
8, 383, [1] s.	 384	NA	1	  1
[6], 426, [8], 168 s.	 440	NA	1	  1
[XXX], 352 s.	 382	NA	1	  1
[1-3] 4-35 [36] s. (s. [36] tyhjä)	  36	NA	1	  1
[6], 50 s.	  56	NA	1	  1
[1], 15, [2] s.	  18	NA	1	  1
XIII, 510 s.	 523	NA	1	  1
[4], 43 s., 3 kartor	  53	NA	1	  1
[4], 384 s.	 388	NA	1	  1
469 s.	 469	NA	1	  1
[6], 244 s.	 250	NA	1	  1
80 s., kuvaliite.	  80	NA	1	  1
VIII, 43, [1] s.	  52	NA	1	  1
138, [3] s.	 141	NA	1	  1
38 s., 13 folio-pl.	  38	NA	1	  1
XIV s., 32 kuval.	  78	NA	1	  1
500, [4] s.	 504	NA	1	  1
[76] s.	  76	NA	1	  1
[8] s	   8	NA	1	  1
88, LXVIII s.	 156	NA	1	  1
[4], 252 s.	 256	NA	1	  1
112 s., kartta	 112	NA	1	  1
S. 397-402.	   6	NA	1	  1
648 s.	 648	NA	1	  1
[2], 160 s.	 162	NA	1	  1
[8], 33, [2], 221 s.	 231	NA	1	  1
105, [1] s., [1] kuvas.	 106	NA	1	  1
[8], 192 s.	 200	NA	1	  1
317, [1] s.	 318	NA	1	  1
43 s., 4 kuvaliitettä	  51	NA	1	  1
44 s., 2 kuvaliitettä	  48	NA	1	  1
[2], VII, 213, [1] s.	 223	NA	1	  1
49 s., 16 kuvalehteä.	  81	NA	1	  1
[4], 94, 29, [5] s.	 103	NA	1	  1
176, [1] s.	 177	NA	1	  1
[16], [1] 2-223 [224] s.	 463	NA	1	  1
367 s., [5] kuvalehteä	 377	NA	1	  1
[8], 35, [1] s.	  44	NA	1	  1
197 s., 13 kuvaliitettä	 223	NA	1	  1
VII, 216 s.	 223	NA	1	  1
[2] s., s. 127-158, [2] s.	  36	NA	1	  1
XXXIV, 281 s., 1 pl.	 317	NA	1	  1
XI, 467 s.	 478	NA	1	  1
131 s., [1] s.	 132	NA	1	  1
[24] kuvalehteä	  48	NA	1	  1
[2], 26 s., 1 taulukko	  28	NA	1	  1
305 s.	 305	NA	1	  1
77 s., kuvalehti.	  81	NA	1	  1
VIII, 222 s.	 230	NA	1	  1
[24], 428 s.	 452	NA	1	  1
[8], [1] 2-244 s.	 252	NA	1	  1
188 s., 388 s.	 388	NA	1	  1
[8], 165, VIII s., 33 kuva- ja 2 taululehteä	 181	NA	1	  1
[22], 1-594 [595-642] s.	 664	NA	1	  1
438, [1] s.	 439	NA	1	  1
VII, 33 s.	  40	NA	1	  1
528 s.	 528	NA	1	  1
40, [12] s.	  52	NA	1	  1
[2], 291 s.	 293	NA	1	  1
[132] s.	 132	NA	1	  1
1440 s.	1440	NA	1	  1
[126] s.	 126	NA	1	  1
S. 149-169.	  21	NA	1	  1
219 s.	 219	NA	1	  1
VI, 193 s., kartta	 199	NA	1	  1
172, [2] s., 2 kuvalehteä.	 178	NA	1	  1
249 s.	 249	NA	1	  1
[4], 185 s.	 189	NA	1	  1
[4], V, 180, [1] s.	 190	NA	1	  1
S. 1-96.	  96	NA	1	  1
[1-7] 8-675 [676] s.	 676	NA	1	  1
[2], 112 s.	 114	NA	1	  1
S. 51-92, [2] s.	  44	NA	1	  1
285, [1] s.	 286	NA	1	  1
VI, 270 s.	 276	NA	1	  1
[8], [1] 2-133 [134-136] s.	 145	NA	1	  1
307, [2] s.	 309	NA	1	  1
196 s., 2 kuval.	 200	NA	1	  1
1 blad i omslag.	  62	NA	1	  1
VI, 117 s.	 123	NA	1	  1
279 s.	 279	NA	1	  1
150, [2].	 152	NA	1	  1
[6], 511 s.	 517	NA	1	  1
137, [1] s., 21 kuval.	 180	NA	1	  1
[2], X, [4], 325 s., 8 karttaliitettä, 23 diagrammia	 357	NA	1	  1
[2] s., s. 137-148	  14	NA	1	  1
26 s., 20 kuvas.	  26	NA	1	  1
[36] s. (s. [2] tyhjä)	  36	NA	1	  1
335 s.	 335	NA	1	  1
[2], 72 s.	  74	NA	1	  1
278	 278	NA	1	  1
[4], 136 s.	 140	NA	1	  1
[12], 333 s.	 345	NA	1	  1
[6] s., pl. 15-43	  37	NA	1	  1
311, [3] s., 1 kuvaliite	 314	NA	1	  1
IX, 140, 83 s., 1 karttaliite	 151	NA	1	  1
VIII, 72 s.	  80	NA	1	  1
S. 75-204.	 130	NA	1	  1
[4], 81, [2], 56 s.	  87	NA	1	  1
186, 359, [14] s.	 373	NA	1	  1
[4], 269, [2] s.	 275	NA	1	  1
[2], 91 s.	  93	NA	1	  1
[4], 213, [1] s., 2 kuval.	 222	NA	1	  1
155, [2] s.	 157	NA	1	  1
230, [1] s.	 231	NA	1	  1
476 s.	 476	NA	1	  1
2 osaa (121 s. ja kuva, 134 s. ja kuva)	 255	NA	1	  1
XXXII, 528, 178, 131 s.	 560	NA	1	  1
21 s., 1 kuvaliite	  21	NA	1	  1
[3], 191 s.	 194	NA	1	  1
30 s., 7 kuvaa	  44	NA	1	  1
[1-3] 4-20 s.	  20	NA	1	  1
S. 115-254.	 140	NA	1	  1
45, [1] s., 4 kuval.	  54	NA	1	  1
[42] s.	  42	NA	1	  1
[8], 230 s.	 238	NA	1	  1
[2], 548 s., 2 pl., 1 musikbilaga	 552	NA	1	  1
[6], LXIV, [4], 234 s., [1] kuvalehti	 310	NA	1	  1
[10], 10 s.	  20	NA	1	  1
VI, 119 s.	 125	NA	1	  1
[2] s., s. 17-29, [3] s.	  18	NA	1	  1
31, 20, 21 s.	  31	NA	1	  1
[4], 208, [2] s.	 214	NA	1	  1
[422] s.	 422	NA	1	  1
[8], 122 s.	 130	NA	1	  1
112 s., 8 kuvalehteä	 128	NA	1	  1
26 pl.	  52	NA	1	  1
X, 240 s.	 250	NA	1	  1
S. [17]-32, [7] kuvalehteä	  30	NA	1	  1
[4], 13, [5] s.	  22	NA	1	  1
S. [2], 265-280, [2]	  20	NA	1	  1
III, 297 s. +	 300	NA	1	  1
18 s., 3 kuvaliitettä	  24	NA	1	  1
49 s., ja kuvalehti	  53	NA	1	  1
2 osaa (96, 110 s.)	 206	NA	1	  1
[6], [1] 2-13 [14] s. (s. [14] tyhjä)	  47	NA	1	  1
[2], [1] 2-15 [16] s.	  33	NA	1	  1
18 s., karttaliite.	  18	NA	1	  1
XXIII, 248 s., 1 karttaliite	 273	NA	1	  1
133, [3] s.	 136	NA	1	  1
[4], 74, [1] s., 3 kuvalehteä	  85	NA	1	  1
[2], 496 s., 1 pl.	 500	NA	1	  1
XV, [1] s., s. 157-340.	 200	NA	1	  1
[6], 27, [1] s.	  34	NA	1	  1
13 s., 1 karta	  15	NA	1	  1
486 s.	 486	NA	1	  1
V, 330 s.	 335	NA	1	  1
43 s., 1 karta	  45	NA	1	  1
[43], [1] 2 [3-5] 4-103 [104-113] s.	 157	NA	1	  1
61 s., 1 tab.	  63	NA	1	  1
96, [32] s.	 128	NA	1	  1
VII, 436 s.	 443	NA	1	  1
364 s.	 364	NA	1	  1
S. 56-86.	  31	NA	1	  1
[2] s., s. 33-60	  30	NA	1	  1
44 s., 1 tab., 3 pl.	  52	NA	1	  1
7 s., 3 kartor	  13	NA	1	  1
[6], 150 s.	 156	NA	1	  1
[1-5] 6-72 [73-94] s.	  94	NA	1	  1
[16], [1] 2-134 [135-144] s.	 161	NA	1	  1
[1-3] 4-15 [16] s. (s. [16] tyhjä)	  16	NA	1	  1
[3], 139 s.	 142	NA	1	  1
S. [2], [1] 2-55 [56]	 113	NA	1	  1
102, [10] p.	 112	NA	1	  1
S. [271-286]	  16	NA	1	  1
20 lehteä.	  40	NA	1	  1
[42], [1] 2-102 102 [po. 103] [104-114] s.	 157	NA	1	  1
110, [1] s.	 111	NA	1	  1
VIII, 25, 125 s.	 133	NA	1	  1
[4], 101 s.	 105	NA	1	  1
[6], 165 s.	 171	NA	1	  1
XII, 164 s.	 176	NA	1	  1
78 s., 3 kuvaa	  84	NA	1	  1
47, [1] s., 8 kuvalehteä	  64	NA	1	  1
[4], 93, [1], 29, [5] s.	 103	NA	1	  1
[38], [1] 2-280 s.	 318	NA	1	  1
89 s., 22 kuva- ja 3 taululehteä.	  89	NA	1	  1
xiv, 383 s.	 397	NA	1	  1
569 s.	 569	NA	1	  1
V, [3], 95 s.	 103	NA	1	  1
[6], 16, [2] s.	  24	NA	1	  1
S. 89-135.	  47	NA	1	  1
[2], 23 s., 4 kuval.	  33	NA	1	  1
[8], 140, IX  s.	 157	NA	1	  1
IV, 108 s.	 112	NA	1	  1
41 s., 2 pl.	  45	NA	1	  1
91 s., muotokuva	  91	NA	1	  1
136 s., kuva- ja karttaliite	 136	NA	1	  1
VIII, 189 s.	 197	NA	1	  1
[2], III, 136 s.	 141	NA	1	  1
[4], 102, [2], 2, 12, 33, 63, 4, 11, 3, 8 s., 21 taulukkoliitettä	 108	NA	1	  1
S. 25-32, [1]	   9	NA	1	  1
454 s.	 454	NA	1	  1
29 s., 6 kartor	  41	NA	1	  1
[2], 361 s., 16 kuvaliitettä	 395	NA	1	  1
[2], 69 s.	  71	NA	1	  1
S. 133-141.	   9	NA	1	  1
134, VI s.	 140	NA	1	  1
[VIII], 303 s.	 311	NA	1	  1
108, III s., [1] karttalehti.	 113	NA	1	  1
S. [?], [289-320], [?]	  32	NA	1	  1
[4] s., s. [15]-34	  24	NA	1	  1
[8], 225 s.	 233	NA	1	  1
[1-5] 6-160 s.	 160	NA	1	  1
[2] s., s. 33-46	  16	NA	1	  1
S. 107-147.	  41	NA	1	  1
X, 120 s.	 130	NA	1	  1
[4], 87 s., 8 karttalehteä	 107	NA	1	  1
[6], [1] 2-35 [36-38] s.	  45	NA	1	  1
[1-3] 4-367 [368] s. (s. [368] tyhjä)	 368	NA	1	  1
32 s. , 56 kuvalehteä	 144	NA	1	  1
[4], [1] 2-23 [24] s.	  51	NA	1	  1
[144] s.	 144	NA	1	  1
662 s.	 662	NA	1	  1
[8], 48, [4] s.	  60	NA	1	  1
S. 1-64.	  64	NA	1	  1
1086 s. useina jaksoina, [1] kuvalehti	   2	NA	1	  1
[29] s., 4 pl.	  37	NA	1	  1
[8], 29, [1] s.	  38	NA	1	  1
436 s., liitelehti.	 436	NA	1	  1
[4], 31 s., 2 pl.	  39	NA	1	  1
[4], [1] 2-26  s.	  30	NA	1	  1
353, [1] s.	 354	NA	1	  1
34, [1] s.	  35	NA	1	  1
[2], 9 s., 1 karttaliite	  13	NA	1	  1
vii, 343 s.	 350	NA	1	  1
[6], 1-306 s.	 312	NA	1	  1
[4], 59, [1] p.	  64	NA	1	  1
156, IV s., kuvalehti	 164	NA	1	  1
314, [3] s.	 317	NA	1	  1
[8], 877, [1] s., 8 kuvalehteä ja karttaliite	 902	NA	1	  1
148, [1] s.	 149	NA	1	  1
117, [1] s.	 118	NA	1	  1
VI, [2], 300 s., 5 kuval.	 318	NA	1	  1
S. [75]-78	   4	NA	1	  1
VI, 84 s.	  90	NA	1	  1
[6], 93 s., 12 pl.	 123	NA	1	  1
VIII, 224 s.	 232	NA	1	  1
100 s., 20 kuvaa	 140	NA	1	  1
[136] s.	 136	NA	1	  1
36[-?] lehteä	  10	NA	1	  1
150, VII s.	 157	NA	1	  1
[10 s.] 4b kuv.	  10	NA	1	  1
28 valokuvaa	  56	NA	1	  1
1-4 nid. (1397 s.)	1397	NA	1	  1
[16]  s.	  16	NA	1	  1
[I-III] IV-XII, [1] 2-271 [272] s. (s. [272] tyhjä)	 825	NA	1	  1
[4] s., s. [45]-68	  28	NA	1	  1
[2], II, 198 s.	 202	NA	1	  1
406,      [2] s.	 408	NA	1	  1
S. 313-346	  34	NA	1	  1
16, [1] s., [2] kuvalehteä	  21	NA	1	  1
372 s.	 372	NA	1	  1
[4], 50 s.	  54	NA	1	  1
4, 575, V s.	 580	NA	1	  1
[6], 36 s.	  42	NA	1	  1
214, [1] s.	 215	NA	1	  1
IV, 109 s.	 113	NA	1	  1
683 s.	 683	NA	1	  1
VIII, 195 s.	 203	NA	1	  1
[10], 670 s.	 680	NA	1	  1
[4], 104 s.	 108	NA	1	  1
206, XXVIII s., [2] kuvalehteä, [7] kuvalehteä (taitettuna), [1] karttal.	 254	NA	1	  1
[10], 44, [2] s.	  56	NA	1	  1
VIII, 155, 100, III, [1] s.	 164	NA	1	  1
XIV, 238, 184, 123 s., 2 tabb.	 252	NA	1	  1
[4], [1] 2-30 [31-32] s. (s. [32] tyhjä)	  69	NA	1	  1
110, [7] s.	 117	NA	1	  1
[4] s., s. 273-290	  22	NA	1	  1
[8], 171 s.	 179	NA	1	  1
[4], 127 s.	 131	NA	1	  1
[6], 67 s., 1 kuval.	  75	NA	1	  1
VIII, 259 s.	 267	NA	1	  1
58 s., 2 pl.	  62	NA	1	  1
184, CV, [10] s., [8] kuvalehteä	 315	NA	1	  1
105, 69 s.	 105	NA	1	  1
IV, 40 s.	  44	NA	1	  1
[8], 394 s.	 402	NA	1	  1
[6], 355, [1] s., 2 pl.	 366	NA	1	  1
[12], 55, [3] s.	  70	NA	1	  1
[4], 40 s.	  44	NA	1	  1
VIII, 200 s., 37 kuval.	 282	NA	1	  1
[6], 35, [1] s.	  42	NA	1	  1
59, [5] s.	  64	NA	1	  1
38 s., 2 pl.	  42	NA	1	  1
[4], [1] 2-31 [32] s.	  67	NA	1	  1
23 kuvalehteä	  46	NA	1	  1
[1-3] 4-428 [429-430] s.	 430	NA	1	  1
97  s.	  97	NA	1	  1
VII, 574 s.	 581	NA	1	  1
101, [1] s.	 102	NA	1	  1
94, [2] s., muotokuva	  96	NA	1	  1
[270] s.	 270	NA	1	  1
[4], 126, 8, 13 s., 18 kuval., 3 graafillista taulua	 166	NA	1	  1
[2], 76 s.	  78	NA	1	  1
XII, 116 s.	 128	NA	1	  1
[4], 37 s., taululiite	  41	NA	1	  1
79, [3] s.	  82	NA	1	  1
[2] s., s. 220-243, [4] s.	  30	NA	1	  1
[IV], 433 s.	 437	NA	1	  1
[6], [1] 2-60 [61-66] s.	  73	NA	1	  1
[6], [1] 2-233 [234] s.	 473	NA	1	  1
[2], 59 s., 6 taululiitettä, 22 kuvalehteä	 105	NA	1	  1
[8], 41, [3] s.	  52	NA	1	  1
38, [1] s.	  39	NA	1	  1
[8], 159, [1] s.	 168	NA	1	  1
647 s.	 647	NA	1	  1
455, 215 s.	 455	NA	1	  1
[8], 196, 137 s.	 204	NA	1	  1
67, [2] s.	  69	NA	1	  1
25 s., 14 väggpl.	  25	NA	1	  1
80 s. +	  80	NA	1	  1
[4], 282 s.	 286	NA	1	  1
? s., 6 kuvaa	  12	NA	1	  1
38 s., kuvalehti	  42	NA	1	  1
[8], 1-30 s.	  38	NA	1	  1
400 s.	 400	NA	1	  1
332 s., [2] kuvas. (taitettuna)	 336	NA	1	  1
S. 473-489	  17	NA	1	  1
126 s., 4 karttalehteä	 134	NA	1	  1
43, [1] s.	  44	NA	1	  1
[16], 1-172 [173-174] s.	 190	NA	1	  1
108, [3] s.	 111	NA	1	  1
[2] s., s. 149-160	  14	NA	1	  1
[4], 35 s.	  39	NA	1	  1
[24], 368, [16] s.	 408	NA	1	  1
[2] s., s. 31-46	  18	NA	1	  1
[6], 122 s.	 128	NA	1	  1
[6], 27, [5] s.	  38	NA	1	  1
1 s., 4 kuvaa	   9	NA	1	  1
106, [1] s.	 107	NA	1	  1
14, [4] s.	  18	NA	1	  1
[1], 42 s.	  43	NA	1	  1
VI, 150 s.	 156	NA	1	  1
[2], [1] 2-18  s.	  20	NA	1	  1
[6], 217 s.	 223	NA	1	  1
[2], 32, [2], 20 s.	  36	NA	1	  1
[1], 51 s., 2 kuval.	  56	NA	1	  1
121, XCIV s.	 215	NA	1	  1
99 s., 8 kuvaa	 115	NA	1	  1
[4], 47 s.	  51	NA	1	  1
[584] s., annonser.	 584	NA	1	  1
132 s., [1] kuvalehti	 134	NA	1	  1
135, 102 s.	 135	NA	1	  1
VI + 100 s.	 106	NA	1	  1
[4], 230 s.	 234	NA	1	  1
[4], V, 153 s., 1 kartta, 1 muotokuva	 164	NA	1	  1
[6], 253, [1] s.	 260	NA	1	  1
131, [2] s.	 133	NA	1	  1
[VIII], 117 s.	 125	NA	1	  1
IV, 209, [1] s.	 214	NA	1	  1
[8], 167 s., muotokuva	 175	NA	1	  1
9, 4 s.	   9	NA	1	  1
[2], 30, [6] s.	  38	NA	1	  1
[68] s. (s. [68] tyhjä)	  68	NA	1	  1
[4], 68, [4] s., 2 pl.	  80	NA	1	  1
[1-4] 5-83 [84] s.	  84	NA	1	  1
[XXXIV], 136 s.	 170	NA	1	  1
[8], 1-214 [po. 216] [217-224] l.	 232	NA	1	  1
[4], XIII, 793 s.	 810	NA	1	  1
66, 31 s.	  66	NA	1	  1
[34], 577, [15], 332 s.	 626	NA	1	  1
VIII, 354 s., 7 kuvaa	 376	NA	1	  1
[450] s., [4] kuvalehteä	 458	NA	1	  1
21. s.	  21	NA	1	  1
S. VI-XII	   7	NA	1	  1
VIII, 107, [1] s.	 116	NA	1	  1
789 s., [2] karttalehteä (taitettuna)	 793	NA	1	  1
[4], 125, [3] s., 7 pl., 3 kartor	 138	NA	1	  1
[1], 16 s.	  17	NA	1	  1
[170] s.	 170	NA	1	  1
[2] s., s. 137-152	  18	NA	1	  1
V, 451 s.	 456	NA	1	  1
[7], LIII, [1], 175, [15] s., 13 lehteä kuvia ja kartta	 277	NA	1	  1
25 s., 5 taululehteä.	  25	NA	1	  1
XII, 110 s.	 122	NA	1	  1
28 s., 1 porträtt	  28	NA	1	  1
VI, 108 s.	 114	NA	1	  1
247      s.	 247	NA	1	  1
[6], 66 s.	  72	NA	1	  1
[4], 232, [2] s.	 238	NA	1	  1
VIII, 38 s., 31 kuvaliitettä	 108	NA	1	  1
[4], 16, [4] s.	  24	NA	1	  1
4 s., 14 kuvaa	  32	NA	1	  1
[6], 14 s.	  20	NA	1	  1
S. 269-281	  13	NA	1	  1
S. 101-110.	  10	NA	1	  1
[2], 35 s., vaalilippu.	  37	NA	1	  1
[2] s., s. 17-24, [2] s.	  12	NA	1	  1
XII, 292 s.	 304	NA	1	  1
[8], 312 , [1] s., 3 kuval.	 327	NA	1	  1
41 s., 1 pl.	  43	NA	1	  1
33, [39] s.	  72	NA	1	  1
Ss. 27-285.	 259	NA	1	  1
[2], 48, [1] s.	  51	NA	1	  1
X, 436 s.	 446	NA	1	  1
IV, 55 s., 1 pl.	  61	NA	1	  1
[7], 285 s.	 292	NA	1	  1
24, [2] s.	  26	NA	1	  1
S. 225-288.	  64	NA	1	  1
[8], 518 s.	 526	NA	1	  1
[8], [1] 2-17 [18] s.	  43	NA	1	  1
S. [705-736]	  32	NA	1	  1
[10], [1] 2-112 s.	 122	NA	1	  1
8  s., 1 muotokuva	   8	NA	1	  1
[38] s, s. 73-122	  88	NA	1	  1
52 s., [1] kuvalehti	  54	NA	1	  1
VII, 480 s.	 487	NA	1	  1
[222] s.	 222	NA	1	  1
[15] p., [1] leaf of plates	  17	NA	1	  1
[1], 15 s.	  16	NA	1	  1
VII, 131 s.	 138	NA	1	  1
45      s.	  45	NA	1	  1
22, [6] s.	  28	NA	1	  1
VIII, 255 s., 13 kuvalehteä	 289	NA	1	  1
[2], [1] 2-23 [24] s.	  49	NA	1	  1
Sid. 233-255.	  23	NA	1	  1
240 s.	 240	NA	1	  1
25 s., 13 väggpl.	  25	NA	1	  1
[6], 120 s., 2 kuval.	 130	NA	1	  1
[6], 22, [2]  s.	  30	NA	1	  1
[4], 89 s.	  93	NA	1	  1
490 s.	 490	NA	1	  1
[420] s.	 420	NA	1	  1
84, [2] s.	  86	NA	1	  1
132, [1] s.	 133	NA	1	  1
[6], 26 s.	  32	NA	1	  1
IV, 206 s.	 210	NA	1	  1
130, [2] s.	 132	NA	1	  1
[4], 22, [6] s.	  32	NA	1	  1
[16], 120 p.	 136	NA	1	  1
[4], VII, 296 s.	 307	NA	1	  1
[8], [1] 2-170 [171-176] s.	 185	NA	1	  1
423 s.	 423	NA	1	  1
[8], 198, 7, [2] s.	 208	NA	1	  1
158, [2] s.	 160	NA	1	  1
[8], 32 s.	  40	NA	1	  1
134, [3] s.	 137	NA	1	  1
IV, 233 s.	 237	NA	1	  1
[4], 141, [1] s., 5 tabellbilagor	 146	NA	1	  1
[2] s., s. 17-32, [2] s.	  20	NA	1	  1
XIII, [1], 398 s.	 412	NA	1	  1
[4], 86, [32] s., 13 kuvalehteä	 148	NA	1	  1
10 lehteä	  20	NA	1	  1
IX, [3], 207 s.	 219	NA	1	  1
74, [15] s.	  89	NA	1	  1
1123 s.	1123	NA	1	  1
148, [3] s.	 151	NA	1	  1
[2], [1] 2-101 [102] s.	 205	NA	1	  1
[2], 61 s.	  63	NA	1	  1
S. 65-118	  54	NA	1	  1
[1-5] 6-36 s.	  36	NA	1	  1
120 s., karttaliite	 120	NA	1	  1
[4], II, 144 s., 1 pl.	 152	NA	1	  1
[6], 149 s.	 155	NA	1	  1
[1-3] 4-62 [63-64] s.	  64	NA	1	  1
[6], 112 s.	 118	NA	1	  1
S. 15-68, 11 kuval.	  76	NA	1	  1
[2] s., s. [15]-29, [1] s.	  18	NA	1	  1
531, 401, 12 s.	 531	NA	1	  1
VIII, 285, [1] s.	 294	NA	1	  1
298 s.	 298	NA	1	  1
51, [1] s.	  52	NA	1	  1
[1-3] 4-152 s.	 152	NA	1	  1
[3], 266 s., 13 kuval.	 295	NA	1	  1
IV, [2], 226 s., 15 kuval., 2 karttaa	 266	NA	1	  1
78 s., 1 kuvaliite, 2 diagrammia	  78	NA	1	  1
[8], 211 s., 5 pl., 4 planteckningar	 219	NA	1	  1
[6] s., s. 25-42	  24	NA	1	  1
[4], VI, 189 s., 12 pl.	 223	NA	1	  1
[8], [1] 2-54 [55-56] s. (s. [56] tyhjä)	 121	NA	1	  1
[2], 681, V s.	 688	NA	1	  1
[2], IV, [2], 217 s.	 225	NA	1	  1
46 s., 1 port.	  46	NA	1	  1
[8], 694 s., 954 kuvaa	2610	NA	1	  1
[2], 204, [2] s., 2 kuvaliitettä	 212	NA	1	  1
[6] s. (s. [6] tyhjä)	   6	NA	1	  1
511 s.	 511	NA	1	  1
[2] s., s. 33-42	  12	NA	1	  1
VII, 409 s., [1] kuvalehti	 418	NA	1	  1
[I-II] III-XXIV, [1] 2-304 s.	 327	NA	1	  1
[2], [1] 2-23 [24]  s.	  49	NA	1	  1
[10], CCCL, [1] lehteä	 362	NA	1	  1
X, 355 s.	 365	NA	1	  1
[8], 529 s.	 537	NA	1	  1
58, [6] s.	  64	NA	1	  1
X, 218, [1] s., 15 pl.	 259	NA	1	  1
VII, 547 s.	 554	NA	1	  1
[33] lehteä (23 taitettuina)	  66	NA	1	  1
64 s. ja taulu.	  64	NA	1	  1
82 s., [29] kuvalehteä	 140	NA	1	  1
1 kartasto (12 s., 32 kartta-aukeamaa)	  66	NA	1	  1
[4], 74 s.	  78	NA	1	  1
XVI, 397 s.	 413	NA	1	  1
[62] s., kuvaliite	  62	NA	1	  1
183, [1] s.	 184	NA	1	  1
VIII, 267 s.	 275	NA	1	  1
XII, 265 s., 1 tab.	 279	NA	1	  1
VII, 365, [2] s.	 374	NA	1	  1
[2], [1] 2-391 [392-412] s.	 415	NA	1	  1
LIX, 412 s.	 471	NA	1	  1
[1], 312, II s.	 315	NA	1	  1
[3], 65, [1] s.	  69	NA	1	  1
[5], 187 s.	 192	NA	1	  1
[6], 372 s.	 378	NA	1	  1
III, [2], 156 s.	 161	NA	1	  1
[1-3] 4-84 s.	  84	NA	1	  1
28 cm.	  28	NA	1	  1
[4], 48, LX s., 5 pl.	 122	NA	1	  1
[2] s., s. 41-68.	  30	NA	1	  1
[10], [1] 2-23 [24-28] s.	  39	NA	1	  1
[224] s.	 224	NA	1	  1
8:o.	  28	NA	1	  1
45, [1] s., 3 kuvaliitettä	  52	NA	1	  1
[4], 226 s.	 230	NA	1	  1
[1-13] 14-78 [79-80] s. (s. [80] tyhjä)	  80	NA	1	  1
11, [7] s.	  18	NA	1	  1
441 s., [9] kuvalehteä	 459	NA	1	  1
VII, 116 s.	 123	NA	1	  1
[8], 16 s.	  24	NA	1	  1
[2], 80 s.	  82	NA	1	  1
63 s., 3 pl.	  69	NA	1	  1
VI, 180 s.	 186	NA	1	  1
24, [1] s.	  25	NA	1	  1
[2], 155, IV s.	 161	NA	1	  1
[20] s. (s. [2] tyhjä)	  20	NA	1	  1
[8], 24 s.	  32	NA	1	  1
[4], 22, [2] s.	  28	NA	1	  1
[12], 51, [1] s.	  64	NA	1	  1
796 s.	 796	NA	1	  1
[2], 175, [2] s.	 179	NA	1	  1
179, [5], 19 s.	 184	NA	1	  1
[4] kuvalehteä	   8	NA	1	  1
[8], 55, [1]  s.	  64	NA	1	  1
NA	  50	NA	1	  1
[15 s.]	  15	NA	1	  1
[4] s., s. 129-144, [4] s.	  24	NA	1	  1
[4], [1] 33 [po. 31], [1] s.	  36	NA	1	  1
IV, 165 s.	 169	NA	1	  1
65, [10] s.	  75	NA	1	  1
56 kuvalehteä	 112	NA	1	  1
[6], 153 s.	 159	NA	1	  1
160 s., [4] karttalehteä (taitettuna)	 168	NA	1	  1
[10], 37, [1] s.	  48	NA	1	  1
40 s., [6] kuvalehteä	  52	NA	1	  1
[8], [1] 2-79 [80] s.	 167	NA	1	  1
[2], III, 141 s.	 146	NA	1	  1
VII, 244 s.	 251	NA	1	  1
XI, 162 s.	 173	NA	1	  1
[4], [1] 2-11 [12] s. (s. [2] ja [12] tyhjät	  41	NA	1	  1
XIV, [2], 294, [1], 428, [1] s.	 446	NA	1	  1
[4], 14 s.	  18	NA	1	  1
603, [3] s.	 606	NA	1	  1
354 s.	 354	NA	1	  1
XXII, 152 s.	 174	NA	1	  1
xxxi, 446 s. [5] kuvalehteä, [2] karttalehteä taitettuna	  35	NA	1	  1
[4], 54, [1] s.	  59	NA	1	  1
[10], [1] 2-64, [2] s., I kuvalehti taitettuna	  81	NA	1	  1
IV, 126 s.	 130	NA	1	  1
S. [122]-128	   7	NA	1	  1
[4], 168 s.	 172	NA	1	  1
[4] s., s. 73-88, [4] s.	  24	NA	1	  1
[8], 35, [1] s., 12 kuvaliitettä	  68	NA	1	  1
[1-3] 4-31 [32] s. (s. [32] tyhjä)	  32	NA	1	  1
[194] s.	 194	NA	1	  1
150 s., 1 karttaliite	 152	NA	1	  1
[6], 283 s., 1 portr.	 291	NA	1	  1
VIII, 222, [1] s.	 231	NA	1	  1
[4], 51, [1] s.	  56	NA	1	  1
[2], [1] 2-45 [46] s. (s. [46] tyhjä)	 139	NA	1	  1
[4], 216 s.	 220	NA	1	  1
S. I-IV	   4	NA	1	  1
[6], 237, [2] s.	 245	NA	1	  1
267, [1] s.	 268	NA	1	  1
139, [1] s.	 140	NA	1	  1
VIII, 119 s.	 127	NA	1	  1
182 s., 4 karttaliitettä	 190	NA	1	  1
[2] s. + sid. 419-592.	 592	NA	1	  1
[8], 26, [2] s.	  36	NA	1	  1
523 s.	 523	NA	1	  1
64 s., taulu	  64	NA	1	  1
10 s., 1 pl.	  12	NA	1	  1
[4], 158 s.	 162	NA	1	  1
153 s., kuva	 153	NA	1	  1
47 s., 47 kuval.	 141	NA	1	  1
S. 88-107.	  20	NA	1	  1
[14-?] s.	  14	NA	1	  1
Ss. 109-135, 673-691	 691	NA	1	  1
156 s., 34 kuvalla	 156	NA	1	  1
[2], 13 s.	  15	NA	1	  1
XVI, 472 s.	 488	NA	1	  1
28 s., 1 kuvaliite	  28	NA	1	  1
278 s., 5 väripainokuvaa	 278	NA	1	  1
308, XI s.	 319	NA	1	  1
[50] s.	  50	NA	1	  1
S. 59-66.	   8	NA	1	  1
[4], 68 s.	  72	NA	1	  1
Med filtrerpapper.	  62	NA	1	  1
[2], XI, 195 s.	 208	NA	1	  1
XI, 618 s.	 629	NA	1	  1
252, [1] s.	 253	NA	1	  1
[1] lehti (verso tyhjä?)	   2	NA	1	  1
[?], 1-8 s.	   8	NA	1	  1
[2], 222 s.	 224	NA	1	  1
[10], 361 s., XXIV s., 2 karttal.	 399	NA	1	  1
[2], VIII, 432 s.	 442	NA	1	  1
153, [6] s.	 159	NA	1	  1
[2] s., s. 29-58	  32	NA	1	  1
VI, [2], 195 s.	 203	NA	1	  1
[1-9] 10-280 [281] 282-300 s.	 581	NA	1	  1
[4], 1-4, 1-20 s.	  24	NA	1	  1
[1], 37 s.	  38	NA	1	  1
[1 s.].	   1	NA	1	  1
85, [1] s., 11 kuvalehteä, kartta	 108	NA	1	  1
S. [486]-494	   9	NA	1	  1
99, [2] s.	 101	NA	1	  1
[8?] s.	   8	NA	1	  1
[66] lehteä	 132	NA	1	  1
VII, [1], 239 s.	 247	NA	1	  1
[120] s.	 120	NA	1	  1
[1], 127 s.	 128	NA	1	  1
[6], 1-14 [15-16] s.	  22	NA	1	  1
VI, 215, [1] s.	 222	NA	1	  1
[6], [1] 2-57 [58] s.	 121	NA	1	  1
[8], 28, [4] s.	  40	NA	1	  1
[1-3] 4-70 s.	  70	NA	1	  1
36 s., 1 taulu	  36	NA	1	  1
IV, [2], 235 s.	 241	NA	1	  1
432 s.	 432	NA	1	  1
IV, 408, [6], 553 s.	 563	NA	1	  1
12 s., 12 kuvalehteä	  36	NA	1	  1
[6] (8?), [1] 2-244 [245-246] s.	 253	NA	1	  1
98 s., 3 kuvaa	 104	NA	1	  1
XV, 239 s.	 254	NA	1	  1
189, 188, 173 s.	 189	NA	1	  1
VI, 96 s., 2 bil.	 102	NA	1	  1
[4], 111 s.	 115	NA	1	  1
106, [5] s.	 111	NA	1	  1
174, [1] s.	 175	NA	1	  1
179 s., kuva	 179	NA	1	  1
439 s.	 439	NA	1	  1
S. [2], 633-648, [2]	  20	NA	1	  1
[4], 294, [2] s., 300 kuvaa	 900	NA	1	  1
512 s.	 512	NA	1	  1
38 s., taulu- ja karttaliite	  38	NA	1	  1
XIV, 315 s.	 329	NA	1	  1
[10], 347, XXXVIII s.	 395	NA	1	  1
[8], 140, IX s.	 157	NA	1	  1
385, [82] s.	 467	NA	1	  1
[16] s. (s. [16] tyhjä)	  16	NA	1	  1
XVI, 159, [1] s., 1 kuval.	 178	NA	1	  1
XIX, 113 s., karttaliite	 132	NA	1	  1
11   s.	  11	NA	1	  1
[6], [1] 2-30 s.	  36	NA	1	  1
[1-2] 3-56 s. (s. [2] tyhjä)	  56	NA	1	  1
28 s., 3 kuval.	  34	NA	1	  1
10 s., 8 pl.	  26	NA	1	  1
[8], 222 s.	 230	NA	1	  1
10 s., 4 kuvasivua	  18	NA	1	  1
33, [3] s.	  36	NA	1	  1
[4], 338 s.	 342	NA	1	  1
XIV, 415 s., kuvalehti	 433	NA	1	  1
[2], [1] 2-16  s.	  18	NA	1	  1
[2], [1] 2-16 [17-18] s. (s. [18] tyhjä)	  39	NA	1	  1
508 s.	 508	NA	1	  1
171 s., 8 kuvalehteä	 187	NA	1	  1
[2], 261, VII s.	 270	NA	1	  1
IV, 53, [1] s.	  58	NA	1	  1
92, [4] s.	  96	NA	1	  1
235 s., [1] karttalehti (taitettuna)	 237	NA	1	  1
211 s., kuvaliite	 211	NA	1	  1
[1], 25 s.	  26	NA	1	  1
2 osaa (292, 241 s.)	 533	NA	1	  1
S. 785-893, [2 s.].	 111	NA	1	  1
[4]	   4	NA	1	  1
[6] s., s. 448-459 [po. 479]	  38	NA	1	  1
163 s., kuvaliite	 163	NA	1	  1
[2], 52 s.	  54	NA	1	  1
[2] s., s. 9-16	  10	NA	1	  1
[8] s., 20 pl.	  48	NA	1	  1
11, [1] s., 2 pl.	  16	NA	1	  1
X, [4], 248 s.	 262	NA	1	  1
[1-5] 6-80 s.	  80	NA	1	  1
592 s.	 592	NA	1	  1
[16], [1] 2-294 [295-296?] s.	 313	NA	1	  1
5, 67 s.	  67	NA	1	  1
[2], [1] 2-58 [59-72] s.	  75	NA	1	  1
S. 341-686, [1] s.	 347	NA	1	  1
73, [1] s.	  74	NA	1	  1
[X], 164 s.	 164	NA	1	  1
S. 177-831.	 655	NA	1	  1
S. 143-302	 160	NA	1	  1
720 s.	 720	NA	1	  1
[2], 37 s.	  39	NA	1	  1
[8], [54-]73, [2] p.	  30	NA	1	  1
[4], 135, [3] s.	 142	NA	1	  1
S. 159-301.	 143	NA	1	  1
VIII, 179 s.	 187	NA	1	  1
XIV s., s. 15-90, 1 karta	  92	NA	1	  1
[2], II, 11 s.	  15	NA	1	  1
IV, 375 s.	 379	NA	1	  1
[8], 90 s.	  98	NA	1	  1
8 s., 1 kuvaliite	   8	NA	1	  1
[2], 321 s.	 323	NA	1	  1
44, [1] s.	  45	NA	1	  1
269 s.	 269	NA	1	  1
103, [3] s.	 106	NA	1	  1
V, 72 s.	  77	NA	1	  1
[8], [1] 2-66 s.	  74	NA	1	  1
318, [73] s.	 391	NA	1	  1
S. 1-46	  46	NA	1	  1
XII, 200 s.	 212	NA	1	  1
VI, [1], 487 s., 3 kuvaliitettä	 500	NA	1	  1
S. 27-56, [1] s.	  31	NA	1	  1
[2], 252 s., 3 pl., 1 musikbilaga	 256	NA	1	  1
[8], 123, [3] s.	 134	NA	1	  1
[8], 256 s.	 264	NA	1	  1
XX,  644 s.	 664	NA	1	  1
[2] s., s. 115-128	  16	NA	1	  1
[2] s., s. [17-19] 20-48	  50	NA	1	  1
[1-2] 3-132 s.	 132	NA	1	  1
[8], 163 s.	 171	NA	1	  1
78, 11 s.	  78	NA	1	  1
[4], [1-2], [2], 3-16 s.	  22	NA	1	  1
S. 53-93.	  41	NA	1	  1
109, [4] s.	 113	NA	1	  1
264, [2] s., 1 karttaliite	 268	NA	1	  1
200, [6] s.	 206	NA	1	  1
[4], 158, [2] s.	 164	NA	1	  1
[2], VII, 111 s.	 120	NA	1	  1
VIII s., 1760 palstaa, II, [1] s., 19 kuvalehteä ja 5 karttaliitettä	  57	NA	1	  1
198 s., [2] karttalehteä taitettuna	 202	NA	1	  1
[4], 250, [3] s.	 257	NA	1	  1
[IV], 154 s.	 158	NA	1	  1
558 s.	 558	NA	1	  1
193, [4] s.	 197	NA	1	  1
VIII, 316 s., 46 kuvaa	 416	NA	1	  1
[6], 82 s., 1 kuvaliite	  88	NA	1	  1
44 s., 1 karta	  46	NA	1	  1
[1-3] 4-46 s. (s. [2] tyhjä)	  46	NA	1	  1
[4], 333, [4] s., 6 kuval., kartta ja 2 nuottil.	 353	NA	1	  1
[22], [1-3] 4-568 s.	 590	NA	1	  1
IV, 240 s.	 244	NA	1	  1
S. 17-24	   8	NA	1	  1
[4], 39 p., [1] leaf of plates	  45	NA	1	  1
[2], [1] 2-24 s.	  26	NA	1	  1
VII, 142 s.	 149	NA	1	  1
789 s.	 789	NA	1	  1
[4], 134 s.	 138	NA	1	  1
[4], 184 s.	 188	NA	1	  1
[6], 272 s.	 278	NA	1	  1
31 s., 10 lehteä kuvia	  51	NA	1	  1
16 pl.	  32	NA	1	  1
[12], 427, [3] s.	 442	NA	1	  1
[4], 304 s.	 308	NA	1	  1
[2], [1] 2-29 [30-32] s.	  35	NA	1	  1
S. 205-296	  92	NA	1	  1
[8], 26, [6] s.	  40	NA	1	  1
[2], [1] 2-42 s.	  44	NA	1	  1
18, [1] s.	  19	NA	1	  1
[2], 26, [1] s., kuvalehti	  33	NA	1	  1
[10], [1] 2-19 [20] s.	  49	NA	1	  1
S. 71-89.	  19	NA	1	  1
S. [4], 17-32, [2]	  22	NA	1	  1
92, [2] s.	  94	NA	1	  1
[20], 160, 14 s.	 180	NA	1	  1
V, 224 s.	 229	NA	1	  1
23 s., 1 kuvaliite	  23	NA	1	  1
[2], 81 s.	  83	NA	1	  1
[2] s., s. 601-616, [2] s.	  20	NA	1	  1
[2], 73 s.	  75	NA	1	  1
[2] s., s. 61-66	   8	NA	1	  1
91 s., [3] ilmoitussivua	  91	NA	1	  1
204 s., 4 lehteä karttoja	 204	NA	1	  1
138 [po. 140], [8] s.	 148	NA	1	  1
[74] s.	  74	NA	1	  1
[2], VI, 832 s.	 840	NA	1	  1
354 s., 2 kuvasivua	 358	NA	1	  1
100 s., 3 kuvalehteä	 106	NA	1	  1
[16], 326 s.	 342	NA	1	  1
[80] s.	  80	NA	1	  1
IV, 142 s.	 146	NA	1	  1
149 s., 8 kuval.	 165	NA	1	  1
15 s., 1 pl.	  17	NA	1	  1
[2], [1] 2-26 s.	  28	NA	1	  1
102, [IX] s.	 111	NA	1	  1
[4], 32 s., 4 muistiinpanolehteä.	  36	NA	1	  1
IV, 75, [1] s.	  80	NA	1	  1
[4], 115, [1] s.	 120	NA	1	  1
S. 1-119.	 119	NA	1	  1
[III], 36 s.	  39	NA	1	  1
[2], 192 s., 8 kuvaa	 210	NA	1	  1
[6], 121 s.	 127	NA	1	  1
284, [6] s.	 290	NA	1	  1
[6], 144 s.	 150	NA	1	  1
[1-3] 4-96 s.	  96	NA	1	  1
XIII, 244 s.	 257	NA	1	  1
17 l.	  62	NA	1	  1
VI, 398 s., 1 karta	 406	NA	1	  1
XXVI, [4], 276 s.	 306	NA	1	  1
91 s., 1 tab.	  93	NA	1	  1
88, [1] s.	  89	NA	1	  1
228 s.	 228	NA	1	  1
[8], 304 s., 15 kuvalehteä	 342	NA	1	  1
VI, 163 s.	 169	NA	1	  1
[8], 55, [1] s.	  64	NA	1	  1
33, XXV, [1] s.	  59	NA	1	  1
[6], 130, [1] s.	 137	NA	1	  1
VIII, 366 s., 12 pl., 6 kartor	 386	NA	1	  1
[4], [12] s.	  16	NA	1	  1
281 s., 1 taulu	 281	NA	1	  1
249, [1] s.	 250	NA	1	  1
[XXXII], 509 s.	 541	NA	1	  1
[1-7] 8-240, [1] 2-80 [81-82] s.	 241	NA	1	  1
[1-3] 4-10 s.	  10	NA	1	  1
[4] p.	   4	NA	1	  1
7, 61 s.	  61	NA	1	  1
575 s.	 575	NA	1	  1
[6], 568 s.	 574	NA	1	  1
[8], 153 s.	 161	NA	1	  1
314, [1] s.	 315	NA	1	  1
93, [3] s.	  96	NA	1	  1
[8], 222, [2] s.	 232	NA	1	  1
[4], 372, [2] s.	 378	NA	1	  1
IV, 140 s.	 144	NA	1	  1
[8], 990 [po. 974], [4] s.	 986	NA	1	  1
[2] s., s. 69-82 [po. 124-137]	  16	NA	1	  1
143 s., 2 karttal.	 147	NA	1	  1
[10], 29, [1] s.	  40	NA	1	  1
89, [4] s.	  93	NA	1	  1
438 s.	 438	NA	1	  1
[4], 33, [3] s.	  40	NA	1	  1
258 s.	 258	NA	1	  1
[2], 42, [2] s.	  46	NA	1	  1
2 (alakkain asetettavaa) lehteä (versot tyhjät)	   4	NA	1	  1
[2], 78 s.	  80	NA	1	  1
[2], 319 s.	 321	NA	1	  1
5 s., 1 diagr.	   5	NA	1	  1
[2], [1] 2-76 [77-104] s. (s. [104] tyhjä)	 211	NA	1	  1
[2], [1] 2-192 192-235 [po. 193-236] [237-332]	 334	NA	1	  1
141 s., muotokuva.	 141	NA	1	  1
xv, 301, 31 s.	 316	NA	1	  1
90, [1] s.	  91	NA	1	  1
[236] s.	 236	NA	1	  1
16 s. ; 20 cm.	  16	NA	1	  1
455 s.	 455	NA	1	  1
S. 323-357.	  35	NA	1	  1
[307] s.	 307	NA	1	  1
[2], 41 s.	  43	NA	1	  1
52, [1] s.	  53	NA	1	  1
195, [1] s.	 196	NA	1	  1
XXIX, 250 s.	 279	NA	1	  1
9 nid. (288 s.)	 288	NA	1	  1
[6], 106 s., 8 kuvalehteä	 128	NA	1	  1
[2] s., s. 285-300	  18	NA	1	  1
[18], [1] 2-222 s.	 240	NA	1	  1
[4], 249 s.	 253	NA	1	  1
77, [2] s.	  79	NA	1	  1
240 s., 18 graafillista piirrosta ja 3 graafillista taulua	 240	NA	1	  1
606, [2] s.	 608	NA	1	  1
[VIII], 307 s.	 315	NA	1	  1
507, [1] s.	 508	NA	1	  1
IV, 400 s., muotokuva	 404	NA	1	  1
84 s., tabeller.	  84	NA	1	  1
523, [4] s., [10] kuvas.	 527	NA	1	  1
[6], 34 s.	  40	NA	1	  1
VI, [2], 88 s.	  96	NA	1	  1
XVI, 79 s.	  95	NA	1	  1
[10] s., [55] kuvalehteä	 120	NA	1	  1
[4], 94 s., 1 pl.	 100	NA	1	  1
VI, [4], 306 s., kuval.	 320	NA	1	  1
98, [1] s., 122 s.	 123	NA	1	  1
42, [3] s.	  45	NA	1	  1
[1] 2-26[-?] s.	  27	NA	1	  1
V, [2], 374 s.	 381	NA	1	  1
XVIII, 275 s.	 293	NA	1	  1
506 s.	 506	NA	1	  1
2, [4], 79 s., 1 karttaliite	  85	NA	1	  1
58, [1] s., 2 tabb.	  59	NA	1	  1
637 s.	 637	NA	1	  1
[3], III, 25 s.	  31	NA	1	  1
298, [2] s.	 300	NA	1	  1
[8], 411 s.	 419	NA	1	  1
S. [225-256]	  32	NA	1	  1
47, [1] s., 29 kuvaa	 106	NA	1	  1
[4], [1] 2-28 s.	  32	NA	1	  1
[8], 39 s.	  47	NA	1	  1
[4], 281 s., 46 diagram.	 285	NA	1	  1
VII, 8-146, [1] s.	 147	NA	1	  1
VIII, 305 s.	 313	NA	1	  1
[1-3] 4-78 [79-80] s. (s. [79-80] tyhjät)	  80	NA	1	  1
618 s.	 618	NA	1	  1
VIII, 183 s.	 191	NA	1	  1
247 s.	 247	NA	1	  1
451 s.	 451	NA	1	  1
482 s.	 482	NA	1	  1
285 s.	 285	NA	1	  1
180, [1] s., 16 kuvalehteä	 213	NA	1	  1
57, [1] s.	  58	NA	1	  1
A-C4. 12 numeroimatonta lehteä	  10	NA	1	  1
[2], V, 166, [2] s., [1] kuvalehti	 177	NA	1	  1
[8], [1] 2-29 [30-32] s.	  41	NA	1	  1
VII, 296 s.	 303	NA	1	  1
[1-3] 4-146 [147-148] s.	 148	NA	1	  1
VII, [1], 88 s.	  96	NA	1	  1
191 s., 1 karta	 193	NA	1	  1
[4], 200 s.	 204	NA	1	  1
692 s.	 692	NA	1	  1
S. 69-79.	  11	NA	1	  1
[2], [1] 2-13 [14] s.	  29	NA	1	  1
261, [3] s., 8 pl.	 280	NA	1	  1
S. 51-80.	  30	NA	1	  1
442 s.	 442	NA	1	  1
S. 387-388.	   2	NA	1	  1
[2] s., s. 21-40	  22	NA	1	  1
[4] s	   4	NA	1	  1
[4], 124 s., 4 kuvaa	 136	NA	1	  1
IV, 72 s., 4 kuval., 1 taulukko	  84	NA	1	  1
3 nid. (16, 16, 16 s.)  + Alkulehti ainehisto (8 s.)	  32	NA	1	  1
[8], 224 p.	 232	NA	1	  1
167 s., 1 tab.	 169	NA	1	  1
7, [1], 219 s.	 220	NA	1	  1
[2] s., s. 713-728, [4] s.	  22	NA	1	  1
[6], 513, [2] s., 4 karttalehteä	 529	NA	1	  1
[4], 154, [4] s.	 162	NA	1	  1
[4] s., s. [41]-75, [1] s.	  40	NA	1	  1
S. 224-256	  33	NA	1	  1
S. 44-80.	  37	NA	1	  1
[4] s., s. 480-511, [4] s.	  40	NA	1	  1
II, 157 s.	 159	NA	1	  1
42  s.	  42	NA	1	  1
54, [6] s.	  60	NA	1	  1
[1-3] 4-13 [14] s. (s. [14] tyhjä)	  14	NA	1	  1
S. 1-180.	 180	NA	1	  1
617 s.	 617	NA	1	  1
[4], [1] 2-164 s.	 168	NA	1	  1
25, 23 s.	  25	NA	1	  1
[8] s., 8 kuval.	  24	NA	1	  1
141, [10] s., 51 kartta-aukeamaa	 253	NA	1	  1
72 s., 4 pl.	  80	NA	1	  1
XXIV, 211, [1] s.	 236	NA	1	  1
[4] s., s. 292-314, [4] s.	  31	NA	1	  1
[3], 156 s.	 159	NA	1	  1
[4], 175, [9] s.	 188	NA	1	  1
[8], [1] 2-26 s.	  34	NA	1	  1
Ss. 489-684 (a-o)	 684	NA	1	  1
[6], 163 s., 10 kartor	 189	NA	1	  1
[2], 70, [1] s.	  73	NA	1	  1
93, [2] s.	  95	NA	1	  1
[1-3] 4-12 s.	  12	NA	1	  1
[XIV], 323 s.	 337	NA	1	  1
[8], 158, [1] s.	 167	NA	1	  1
VIII, 104 s.	 112	NA	1	  1
[6], 239 s.	 245	NA	1	  1
VIII, 532 s., muotokuva	 540	NA	1	  1
[8], 198, [2] s.	 208	NA	1	  1
[2], XV, [3], 139, [2] s.	 161	NA	1	  1
635 s.	 635	NA	1	  1
[2] s., s. [13] 14-26	  28	NA	1	  1
36 s., 1 karta	  38	NA	1	  1
220 s., muotokuva	 220	NA	1	  1
1 bl.	   2	NA	1	  1
263, [1] s.	 264	NA	1	  1
540 s.	 540	NA	1	  1
[16?] s.	  16	NA	1	  1
[6], 19, [1] s.	  26	NA	1	  1
[4], [1] 2-32 [33-36] s.	  41	NA	1	  1
[2], [I] II-VIII [IX-X], [1] 2-107 [108] s.	 226	NA	1	  1
[8], 63, [1] s.	  72	NA	1	  1
[2], IV, [2], 98 s.	 106	NA	1	  1
[1] lehti (verso tyhjä)	   2	NA	1	  1
[10], 70, [2] s.	  82	NA	1	  1
487 s.	 487	NA	1	  1
30  s.	  30	NA	1	  1
27 s., 1 kuvaliite	  27	NA	1	  1
[10], [1] 2-127 [128-132] s. (s. [2] ja [132] tyhjät)	 277	NA	1	  1
XV, [1], 711, [1] s.	 728	NA	1	  1
50 kuval.	 100	NA	1	  1
191 s.	 191	NA	1	  1
[2], 13 s., 2 kuvaliitettä	  19	NA	1	  1
[2], VI, 52 s.	  60	NA	1	  1
S. 91-103.	  13	NA	1	  1
[56], 1582, [216] s.	1854	NA	1	  1
133, [2] s.	 135	NA	1	  1
158, [1] s.	 159	NA	1	  1
[2], [1], 2-90 s.	  92	NA	1	  1
[90] s, [43] kuvalehteä	 176	NA	1	  1
[8], 48 s.	  56	NA	1	  1
[2], XX, 143 s.	 165	NA	1	  1
III, 79 s.	  82	NA	1	  1
S. [?], [33-80], [?]	  48	NA	1	  1
[4], 15, [1] s.	  20	NA	1	  1
VII, [1], 197 s.	 205	NA	1	  1
VIII, 128 s.	 136	NA	1	  1
7 kuvalehteä	  14	NA	1	  1
[4], 146 s.	 150	NA	1	  1
[4], 522 s.	 526	NA	1	  1
[12], 66, [2] s.	  80	NA	1	  1
[1 s.], mallilehdet 255-300	   1	NA	1	  1
XVIII, 141 s.	 159	NA	1	  1
[2], 21, 11, 5, [1] s.	  24	NA	1	  1
2 osaa (88 s.)	  88	NA	1	  1
199, IX s.	 208	NA	1	  1
89 s., [4] kuvas.	  89	NA	1	  1
[4], 124 s.	 128	NA	1	  1
S. [175-190]	  16	NA	1	  1
404, VII s., 38 pl., 3 kartor	 417	NA	1	  1
234, [1] s.	 235	NA	1	  1
[2], 66 s.	  68	NA	1	  1
394 s.	 394	NA	1	  1
28, [1] s.	  29	NA	1	  1
128, [3] s.	 131	NA	1	  1
[2], 139 s.	 141	NA	1	  1
[5] s., s. 953-1254, VII s.	 314	NA	1	  1
[1-3] 4-56 s.	  56	NA	1	  1
VIII, 112, [4] s.	 124	NA	1	  1
[1] 2-148[-?] s.	 149	NA	1	  1
60 s., 2 tabb.	  60	NA	1	  1
VI, 211 s., 14 kuvalehteä, taulu- ja karttaliite	 245	NA	1	  1
[4], 90 s., 1 tab.	  96	NA	1	  1
[2], 38 s., 3 kuvaliitettä	  46	NA	1	  1
[6], 52 s.	  58	NA	1	  1
[2], [1] 2-10 s. (s. [2] ja [10] tyhjät)	  24	NA	1	  1
[2], VI, [267] s.	 275	NA	1	  1
VI, 472 s., [19] kuval.	 516	NA	1	  1
184 s., 4 kuvalehteä, kartta	 192	NA	1	  1
24 s., annonser.	  24	NA	1	  1
[4], 105 s.	 109	NA	1	  1
VIII, 499 s.	 507	NA	1	  1
VII, 191 s.	 198	NA	1	  1
[2], 59, [3] p.	  64	NA	1	  1
640 palstaa.	  62	NA	1	  1
28 s., 1 pl.	  30	NA	1	  1
[1-3] 4-24[-?] s.	  24	NA	1	  1
61 s., 4 tabb.	  61	NA	1	  1
[1-5] 6-24 [25-26] s.	  26	NA	1	  1
S. [284]-313, [495]-533	 533	NA	1	  1
[2], 57 s.	  59	NA	1	  1
[8], 60 s.	  68	NA	1	  1
171, [2] s.	 173	NA	1	  1
[8], 279 s.	 287	NA	1	  1
[6-?] s.	   6	NA	1	  1
[10], 175 s., 1 muotokuva	 185	NA	1	  1
[12], 1-59 [60] s. (s. [60] tyhjä)	  72	NA	1	  1
28 s., [1] karttalehti taitettuna	  30	NA	1	  1
[?-] [1-34] 35-497[-?] s.	 497	NA	1	  1
[4], 119 s.	 123	NA	1	  1
[8], 71, [1] s.	  80	NA	1	  1
[XXIX], 247, 256 s.	 285	NA	1	  1
20[-?] s.	  20	NA	1	  1
[4], 76 s.	  80	NA	1	  1
V, 171 s.	 176	NA	1	  1
128, [5] s.	 133	NA	1	  1
120, [3] s.	 123	NA	1	  1
VI, 322 s.	 328	NA	1	  1
S. 1-50.	  50	NA	1	  1
[796] s.	 796	NA	1	  1
[2], 64 s.	  66	NA	1	  1
[2] s., s. 201-216	  18	NA	1	  1
[6], 196, VI s.	 208	NA	1	  1
[4], 6 p.	  10	NA	1	  1
170, [3] s., [3] karttas.	 179	NA	1	  1
12 s., 1 kuval., och musikbilaga	  16	NA	1	  1
[1-3] 4-60 s.	  60	NA	1	  1
VIII s.	   8	NA	1	  1
141, [2] s.	 143	NA	1	  1
74, [3] s.	  77	NA	1	  1
[1] s., s. 19-30	  13	NA	1	  1
234 s.	 234	NA	1	  1
S. 274-547.	 274	NA	1	  1
13 s., [2] taitettua karttalehteä	  13	NA	1	  1
(8) s., 6 kuvaa	  20	NA	1	  1
VIII, 203 s.	 211	NA	1	  1
XII, 70 s., 1 portr.	  84	NA	1	  1
[8], 276, [4] s.	 288	NA	1	  1
[6], 214 s.	 220	NA	1	  1
XIII, [5], 528 s., 12 tab.	 570	NA	1	  1
[1-3] 4-46 s.	  46	NA	1	  1
[2], 38 s.	  40	NA	1	  1
S. 59-100	  42	NA	1	  1
[36] s. (s. [36] tyhjä)	  36	NA	1	  1
51 s., valsedel.	  51	NA	1	  1
[4], 55 s.	  59	NA	1	  1
S. 69-77.	   9	NA	1	  1
[43], [1] 2 [3-4] 5-103 [104-113] s.	 157	NA	1	  1
[6], 18, [2] s.	  26	NA	1	  1
624 s.	 624	NA	1	  1
VIII, [2], 270, [1] s.	 281	NA	1	  1
[8], 298 s.	 306	NA	1	  1
37, [1] s.	  38	NA	1	  1
[4], 331 s.	 335	NA	1	  1
[139] s.	 139	NA	1	  1
54 s., 5 kuvaliitettä	  64	NA	1	  1
76 s., [3] kuvalehteä (taitettuna)	  82	NA	1	  1
1235 s.	1235	NA	1	  1
570 s.	 570	NA	1	  1
[2] s., s. [65]-80	  18	NA	1	  1
[1-3] 4-92 s.	  92	NA	1	  1
30,      [1] s.	  31	NA	1	  1
235, [1] s.	 236	NA	1	  1
5, 936, 29 s.	 936	NA	1	  1
94, [2] s.	  96	NA	1	  1
[8] s., s. [54]-73, [2] s.	  30	NA	1	  1
[14], 37, [3] s.	  54	NA	1	  1
[6], [1] 2-24 [25-26] s.	  33	NA	1	  1
XXII, 586 s.	 608	NA	1	  1
[4], VI, 73 s.	  83	NA	1	  1
[1-3] 4-68 s.	  68	NA	1	  1
135, 20, 120 s.	 135	NA	1	  1
[35] s.	  35	NA	1	  1
[4], 559 s.	 563	NA	1	  1
[6], 339, II s.	 347	NA	1	  1
13  s.	  13	NA	1	  1
S. [2], 33-44	  14	NA	1	  1
[4], 17, [1] s.	  22	NA	1	  1
[4], II, 199 s.	 205	NA	1	  1
[1-9] 10-43 [44] s.	  44	NA	1	  1
[374] s.	 374	NA	1	  1
S. [?], [25-32], [?]	   8	NA	1	  1
[2], [1] 2-6 s.	   8	NA	1	  1
VIII, 206, [1] s.	 215	NA	1	  1
[4], IV s., s. 35-46	  20	NA	1	  1
[6], 20, [2] s.	  28	NA	1	  1
485 s.	 485	NA	1	  1
[4], [1] 2-44 s.	  48	NA	1	  1
191 s., 1 pl.	 193	NA	1	  1
[LXII], 112  s.	 174	NA	1	  1
144 p., [1] leaf of plates	 146	NA	1	  1
[2], [1] 2-54 s.	  56	NA	1	  1
[8] s., s. 97-128	  40	NA	1	  1
[24], 1-345, [1], 346-716 [717] l. (useita lehtinumerointivirheitä)	 742	NA	1	  1
[2], XXX, [3], 176, XII, [3] s., 3 karttaliitettä.	 220	NA	1	  1
495 s.	 495	NA	1	  1
[2], [1]-26 s.	  28	NA	1	  1
